time,main
2025-09-25 13:00:00+00:00,0.11101453224341508
2025-09-25 14:00:00+00:00,0.5082579473206176
2025-09-25 15:00:00+00:00,0.12040000000000001
2025-09-25 16:00:00+00:00,0.21383378746594006
2025-09-25 17:00:00+00:00,0.4056194368755677
2025-09-25 18:00:00+00:00,0.1615540417801998
2025-09-25 19:00:00+00:00,0.17912818181818183
2025-09-25 20:00:00+00:00,0.10999273387829246
2025-09-25 21:00:00+00:00,0.1632316076294278
2025-09-25 22:00:00+00:00,0.12064123524069027
2025-09-25 23:00:00+00:00,0.10355363636363636
2025-09-26 00:00:00+00:00,0.07426248864668483
2025-09-26 01:00:00+00:00,0.07088465031789282
2025-09-26 02:00:00+00:00,0.0714476797088262
2025-09-26 03:00:00+00:00,0.06484922797456857
2025-09-26 04:00:00+00:00,0.07586830154405086
2025-09-26 05:00:00+00:00,0.07293642143505903
2025-09-26 06:00:00+00:00,0.06417636363636363
2025-09-26 07:00:00+00:00,0.06410727272727273
2025-09-26 08:00:00+00:00,0.06078474114441417
2025-09-26 09:00:00+00:00,0.37989827429609446
2025-09-26 10:00:00+00:00,0.04421980018165304
2025-09-26 11:00:00+00:00,0.04072454545454546
2025-09-26 12:00:00+00:00,0.08283651226158038
2025-09-26 13:00:00+00:00,0.06555040871934605
2025-09-26 14:00:00+00:00,0.1529654859218892
2025-09-26 15:00:00+00:00,0.2926118181818182
2025-09-26 16:00:00+00:00,0.2557529518619437
2025-09-26 17:00:00+00:00,0.2850708446866485
2025-09-26 18:00:00+00:00,0.20408810172570388
2025-09-26 19:00:00+00:00,0.1706802906448683
2025-09-26 20:00:00+00:00,0.05488545454545454
2025-09-26 21:00:00+00:00,0.051007266121707535
2025-09-26 22:00:00+00:00,0.04980381471389646
2025-09-26 23:00:00+00:00,0.04683106267029973
2025-09-27 00:00:00+00:00,0.046722727272727284
2025-09-27 01:00:00+00:00,0.05158310626702998
2025-09-27 02:00:00+00:00,0.05120980926430518
2025-09-27 03:00:00+00:00,0.04977293369663942
2025-09-27 04:00:00+00:00,0.0540236148955495
2025-09-27 05:00:00+00:00,0.04925818181818182
2025-09-27 06:00:00+00:00,0.05481743869209809
2025-09-27 07:00:00+00:00,0.0571544050862852
2025-09-27 08:00:00+00:00,0.054935513169845594
2025-09-27 09:00:00+00:00,0.05817
2025-09-27 10:00:00+00:00,0.05770935513169846
2025-09-27 11:00:00+00:00,0.05605267938237966
2025-09-27 12:00:00+00:00,0.06055222524977293
2025-09-27 13:00:00+00:00,0.07096545454545455
2025-09-27 14:00:00+00:00,0.14611444141689373
2025-09-27 15:00:00+00:00,0.4871980018165305
2025-09-27 16:00:00+00:00,0.10740599455040872
2025-09-27 17:00:00+00:00,0.16208545454545456
2025-09-27 18:00:00+00:00,0.20862898814949865
2025-09-27 19:00:00+00:00,0.1965386012715713
2025-09-27 20:00:00+00:00,0.13585286103542232
2025-09-27 21:00:00+00:00,0.057590909090909095
2025-09-27 22:00:00+00:00,0.052875567665758405
2025-09-27 23:00:00+00:00,0.0562125340599455
2025-09-28 00:00:00+00:00,0.05450408719346049
2025-09-28 01:00:00+00:00,0.050623636363636364
2025-09-28 02:00:00+00:00,0.05685558583106267
2025-09-28 03:00:00+00:00,0.054026339691189834
2025-09-28 04:00:00+00:00,0.05379836512261581
2025-09-28 05:00:00+00:00,0.053335149863760214
2025-09-28 06:00:00+00:00,0.04284818181818182
2025-09-28 07:00:00+00:00,0.20275204359673024
2025-09-28 08:00:00+00:00,1.2118038147138963
2025-09-28 09:00:00+00:00,0.6373188010899182
2025-09-28 10:00:00+00:00,0.07811181818181819
2025-09-28 11:00:00+00:00,0.07579019073569482
2025-09-28 12:00:00+00:00,0.06834150772025431
2025-09-28 13:00:00+00:00,0.13032334241598548
2025-09-28 14:00:00+00:00,0.2922270663033606
2025-09-28 15:00:00+00:00,0.1254227272727273
2025-09-28 16:00:00+00:00,0.8690426884650319
2025-09-28 17:00:00+00:00,0.18315712988192556
2025-09-28 18:00:00+00:00,0.08516439600363306
2025-09-28 19:00:00+00:00,0.20101363636363634
2025-09-28 20:00:00+00:00,0.097433242506812
2025-09-28 21:00:00+00:00,0.05365576748410536
2025-09-28 22:00:00+00:00,0.04896185286103543
2025-09-28 23:00:00+00:00,0.04709736123748863
2025-09-29 00:00:00+00:00,0.04733605812897366
2025-09-29 01:00:00+00:00,0.051963669391462304
2025-09-29 02:00:00+00:00,0.051410535876475934
2025-09-29 03:00:00+00:00,0.05063760217983651
2025-09-29 04:00:00+00:00,0.055543636363636364
2025-09-29 05:00:00+00:00,0.04528247048138056
2025-09-29 06:00:00+00:00,0.053305177111716624
2025-09-29 07:00:00+00:00,0.047129881925522255
2025-09-29 08:00:00+00:00,0.04313363636363636
2025-09-29 09:00:00+00:00,0.04647411444141689
2025-09-29 10:00:00+00:00,0.04510899182561308
2025-09-29 11:00:00+00:00,0.03879019073569482
2025-09-29 12:00:00+00:00,0.04557727272727273
2025-09-29 13:00:00+00:00,0.06070753860127157
2025-09-29 14:00:00+00:00,0.6168955495004541
2025-09-29 15:00:00+00:00,0.31183651226158043
2025-09-29 16:00:00+00:00,1.2192554545454544
2025-09-29 17:00:00+00:00,0.519677565849228
2025-09-29 18:00:00+00:00,0.13639327883742053
2025-09-29 19:00:00+00:00,0.08973478655767483
2025-09-29 20:00:00+00:00,0.08039509536784742
2025-09-29 21:00:00+00:00,0.046130000000000004
2025-09-29 22:00:00+00:00,0.0506394187102634
2025-09-29 23:00:00+00:00,0.05110188087774295
2025-09-30 00:00:00+00:00,1.1287426470588233
2025-10-16 14:00:00+00:00,0.4705045454545455
2025-10-16 15:00:00+00:00,0.1003369663941871
2025-10-16 16:00:00+00:00,0.12244090909090907
2025-10-16 17:00:00+00:00,0.10506357856494096
2025-10-16 18:00:00+00:00,0.10464577656675747
2025-10-16 19:00:00+00:00,0.10435694822888285
2025-10-16 20:00:00+00:00,0.10487920072661215
2025-10-16 21:00:00+00:00,0.14214
2025-10-16 22:00:00+00:00,0.08944363636363636
2025-10-16 23:00:00+00:00,0.08696457765667574
2025-10-17 00:00:00+00:00,0.07008545454545453
2025-10-17 01:00:00+00:00,0.049670299727520434
2025-10-17 02:00:00+00:00,0.049742052679382386
2025-10-17 03:00:00+00:00,0.04861237488626024
2025-10-17 04:00:00+00:00,0.11861126248864667
2025-10-17 05:00:00+00:00,0.05892733878292462
2025-10-17 06:00:00+00:00,0.045049046321525885
2025-10-17 07:00:00+00:00,0.039447774750227066
2025-10-17 08:00:00+00:00,0.03901272727272728
2025-10-17 09:00:00+00:00,0.04549318801089918
2025-10-17 10:00:00+00:00,0.14746412352406904
2025-10-17 11:00:00+00:00,0.5755277020890099
2025-10-17 12:00:00+00:00,0.8649272727272727
2025-10-17 13:00:00+00:00,0.6064704813805631
2025-10-17 14:00:00+00:00,0.04078655767484106
2025-10-17 15:00:00+00:00,0.044224341507720255
2025-10-17 16:00:00+00:00,0.04855992680695334
2025-10-17 17:00:00+00:00,0.04565940054495913
2025-10-17 18:00:00+00:00,0.04622070844686648
2025-10-17 19:00:00+00:00,0.05032697547683924
2025-10-17 20:00:00+00:00,0.09736090909090908
2025-10-17 21:00:00+00:00,0.16225090909090908
2025-10-17 22:00:00+00:00,0.13050772025431426
2025-10-17 23:00:00+00:00,0.04998365122615804
2025-10-18 00:00:00+00:00,0.048438692098092644
2025-10-18 01:00:00+00:00,0.04405727272727272
2025-10-18 02:00:00+00:00,0.04327792915531335
2025-10-18 03:00:00+00:00,0.05304268846503179
2025-10-18 04:00:00+00:00,0.04963851044504995
2025-10-18 05:00:00+00:00,0.05018636363636364
2025-10-18 06:00:00+00:00,0.04293278837420527
2025-10-18 07:00:00+00:00,0.037991825613079025
2025-10-18 08:00:00+00:00,0.0461071752951862
2025-10-18 09:00:00+00:00,0.6877709090909091
2025-10-18 10:00:00+00:00,0.9287892824704812
2025-10-18 11:00:00+00:00,0.2887020890099909
2025-10-18 12:00:00+00:00,0.03962034514078111
2025-10-18 13:00:00+00:00,0.038285454545454546
2025-10-18 14:00:00+00:00,0.03692007266121708
2025-10-18 15:00:00+00:00,0.038129881925522253
2025-10-18 16:00:00+00:00,0.045079927338782924
2025-10-18 17:00:00+00:00,0.04674931880108992
2025-10-18 18:00:00+00:00,0.04318818181818182
2025-10-18 19:00:00+00:00,0.0423197093551317
2025-10-18 20:00:00+00:00,0.04114532243415077
2025-10-18 21:00:00+00:00,0.05347048138056312
2025-10-18 22:00:00+00:00,0.16970727272727273
2025-10-18 23:00:00+00:00,0.11714078110808356
2025-10-19 00:00:00+00:00,0.08562488646684832
2025-10-19 01:00:00+00:00,0.05812897366030881
2025-10-19 02:00:00+00:00,0.048195277020890104
2025-10-19 03:00:00+00:00,0.04846545454545455
2025-10-19 04:00:00+00:00,0.045961852861035435
2025-10-19 05:00:00+00:00,0.04947229791099001
2025-10-19 06:00:00+00:00,0.04990372388737512
2025-10-19 07:00:00+00:00,0.0412661217075386
2025-10-19 08:00:00+00:00,0.04096363636363636
2025-10-19 09:00:00+00:00,0.03932788374205268
2025-10-19 10:00:00+00:00,0.048213442325158944
2025-10-19 11:00:00+00:00,0.12967484105358765
2025-10-19 12:00:00+00:00,0.5151563636363636
2025-10-19 13:00:00+00:00,0.9308628519527704
2025-10-19 14:00:00+00:00,0.7551607629427793
2025-10-19 15:00:00+00:00,0.05318619436875568
2025-10-19 16:00:00+00:00,0.047729336966394184
2025-10-19 17:00:00+00:00,0.048555454545454554
2025-10-19 18:00:00+00:00,0.06473206176203451
2025-10-19 19:00:00+00:00,0.19217529518619442
2025-10-19 20:00:00+00:00,0.09623524069028155
2025-10-19 21:00:00+00:00,0.05376475930971844
2025-10-19 22:00:00+00:00,0.04885636363636364
2025-10-19 23:00:00+00:00,0.04895640326975476
2025-10-20 00:00:00+00:00,0.04874296094459582
2025-10-20 01:00:00+00:00,0.0503905540417802
2025-10-20 02:00:00+00:00,0.048179836512261584
2025-10-20 03:00:00+00:00,0.051302727272727285
2025-10-20 04:00:00+00:00,0.04626793823796549
2025-10-20 05:00:00+00:00,0.052368755676657594
2025-10-20 06:00:00+00:00,0.06053405994550409
2025-10-20 07:00:00+00:00,0.04495363636363636
2025-10-20 08:00:00+00:00,0.0482488646684832
2025-10-20 09:00:00+00:00,0.0386566757493188
2025-10-20 10:00:00+00:00,0.0400772025431426
2025-10-20 11:00:00+00:00,0.039259999999999996
2025-10-20 12:00:00+00:00,0.037884545454545455
2025-10-20 13:00:00+00:00,0.04226339691189828
2025-10-20 14:00:00+00:00,0.04047956403269755
2025-10-20 15:00:00+00:00,0.04170118074477747
2025-10-20 16:00:00+00:00,0.0641244323342416
2025-10-20 17:00:00+00:00,1.1398227272727273
2025-10-20 18:00:00+00:00,0.3061589464123524
2025-10-20 19:00:00+00:00,0.2320599455040872
2025-10-20 20:00:00+00:00,0.09913727272727271
2025-10-20 21:00:00+00:00,0.06935785649409629
2025-10-20 22:00:00+00:00,0.05348138056312443
2025-10-20 23:00:00+00:00,0.05463727272727273
2025-10-21 00:00:00+00:00,0.05089373297002725
2025-10-21 01:00:00+00:00,0.045096363636363636
2025-10-21 02:00:00+00:00,0.05441871026339691
2025-10-21 03:00:00+00:00,0.05213260672116258
2025-10-21 04:00:00+00:00,0.05178383287920072
2025-10-21 05:00:00+00:00,0.08995454545454545
2025-10-21 06:00:00+00:00,0.06723614895549501
2025-10-21 07:00:00+00:00,0.044410535876475934
2025-10-21 08:00:00+00:00,0.06998455949137149
2025-10-21 09:00:00+00:00,0.04271207992733879
2025-10-21 10:00:00+00:00,0.04278252957233849
2025-10-21 11:00:00+00:00,0.04426067211625795
2025-10-21 12:00:00+00:00,0.6847992733878292
2025-10-21 13:00:00+00:00,0.9372581818181818
2025-10-21 14:00:00+00:00,0.2203605812897366
2025-10-21 15:00:00+00:00,0.043554041780199816
2025-10-21 16:00:00+00:00,0.6961689373297003
2025-10-21 17:00:00+00:00,0.1985809090909091
2025-10-21 18:00:00+00:00,0.6601680290644869
2025-10-21 19:00:00+00:00,0.23462579473206177
2025-10-21 20:00:00+00:00,0.10587193460490464
2025-10-21 21:00:00+00:00,0.08892818181818181
2025-10-21 22:00:00+00:00,0.07807901907356948
2025-10-21 23:00:00+00:00,0.06390099909173479
2025-10-22 00:00:00+00:00,0.06020254314259764
2025-10-22 01:00:00+00:00,0.05620072661217075
2025-10-22 02:00:00+00:00,0.11104818181818182
2025-10-22 03:00:00+00:00,0.05504541326067211
2025-10-22 04:00:00+00:00,0.06004450499545867
2025-10-22 05:00:00+00:00,0.061408719346049044
2025-10-22 06:00:00+00:00,0.06858
2025-10-22 07:00:00+00:00,0.1975712988192552
2025-10-22 08:00:00+00:00,1.577012987012987
2025-10-22 09:00:00+00:00,0.2061853146853147
2025-10-29 13:00:00+00:00,1.6583248407643312
2025-10-29 14:00:00+00:00,0.5799881925522252
2025-10-29 15:00:00+00:00,0.4930045745654163
2025-10-29 16:00:00+00:00,0.14943272727272727
2025-10-29 17:00:00+00:00,0.055071752951861945
2025-10-29 18:00:00+00:00,0.07983015440508628
2025-10-29 19:00:00+00:00,0.07888454545454546
2025-10-29 20:00:00+00:00,0.05735785649409628
2025-10-29 21:00:00+00:00,0.05132334241598546
2025-10-29 22:00:00+00:00,0.06463851044504997
2025-10-29 23:00:00+00:00,0.05680727272727273
2025-10-30 00:00:00+00:00,0.07726975476839237
2025-10-30 01:00:00+00:00,0.07790099909173478
2025-10-30 02:00:00+00:00,0.06990644868301545
2025-10-30 03:00:00+00:00,0.047745685740236146
2025-10-30 04:00:00+00:00,0.04721818181818182
2025-10-30 05:00:00+00:00,0.05350953678474114
2025-10-30 06:00:00+00:00,0.047591280653950956
2025-10-30 07:00:00+00:00,0.04238873751135331
2025-10-30 08:00:00+00:00,0.04500454545454546
2025-10-30 09:00:00+00:00,0.039319709355131696
2025-10-30 10:00:00+00:00,0.04453405994550409
2025-10-30 11:00:00+00:00,0.04896003633060854
2025-10-30 12:00:00+00:00,0.04629363636363636
2025-10-30 13:00:00+00:00,0.6819336966394187
2025-10-30 14:00:00+00:00,0.8913524069028156
2025-10-30 15:00:00+00:00,0.41393823796548596
2025-10-30 16:00:00+00:00,0.04501818181818182
2025-10-30 17:00:00+00:00,0.0446866485013624
2025-10-30 18:00:00+00:00,0.05614441416893733
2025-10-30 19:00:00+00:00,0.5191734786557675
2025-10-30 20:00:00+00:00,0.11383727272727272
2025-10-30 21:00:00+00:00,0.12988555858310627
2025-10-30 22:00:00+00:00,0.1024786557674841
2025-10-30 23:00:00+00:00,0.06776748410535877
2025-10-31 00:00:00+00:00,0.04753636363636364
2025-10-31 01:00:00+00:00,0.0455558583106267
2025-10-31 02:00:00+00:00,0.0441071752951862
2025-10-31 03:00:00+00:00,0.04869663941871026
2025-10-31 04:00:00+00:00,0.04589454545454546
2025-10-31 05:00:00+00:00,0.0485495004541326
2025-10-31 06:00:00+00:00,0.05965940054495913
2025-10-31 07:00:00+00:00,0.12699636363636363
2025-10-31 08:00:00+00:00,0.050407272727272724
2025-10-31 09:00:00+00:00,0.047954586739327884
2025-10-31 10:00:00+00:00,0.12360036330608536
2025-10-31 11:00:00+00:00,0.34609281164695177
2025-10-31 12:00:00+00:00,0.1534268846503179
2025-10-31 13:00:00+00:00,0.5045049954586739
2025-10-31 14:00:00+00:00,0.20760217983651225
2025-10-31 15:00:00+00:00,0.69313
2025-10-31 16:00:00+00:00,0.299772025431426
2025-10-31 17:00:00+00:00,1.3561571298819255
2025-10-31 18:00:00+00:00,0.2762025431425976
2025-10-31 19:00:00+00:00,0.49032454545454546
2025-10-31 20:00:00+00:00,0.41652316076294277
2025-10-31 21:00:00+00:00,0.6001471389645776
2025-10-31 22:00:00+00:00,0.15529791099000909
2025-10-31 23:00:00+00:00,0.09124272727272728
2025-11-01 00:00:00+00:00,0.0657747502270663
2025-11-01 01:00:00+00:00,0.060620345140781115
2025-11-01 02:00:00+00:00,0.062394187102633974
2025-11-01 03:00:00+00:00,0.05852818181818182
2025-11-01 04:00:00+00:00,0.05142415985467757
2025-11-01 05:00:00+00:00,0.05705727272727273
2025-11-01 06:00:00+00:00,0.057732970027247955
2025-11-01 07:00:00+00:00,0.05095004541326068
2025-11-01 08:00:00+00:00,0.3404845454545455
2025-11-01 09:00:00+00:00,0.6009954586739328
2025-11-01 10:00:00+00:00,0.8150217983651227
2025-11-01 11:00:00+00:00,0.521870909090909
2025-11-01 12:00:00+00:00,0.07693460490463215
2025-11-01 13:00:00+00:00,0.8336021798365123
2025-11-01 14:00:00+00:00,0.4120762942779292
2025-11-01 15:00:00+00:00,0.09817545454545454
2025-11-01 16:00:00+00:00,0.10556403269754767
2025-11-01 17:00:00+00:00,0.5667938237965486
2025-11-01 18:00:00+00:00,0.0936312443233424
2025-11-01 19:00:00+00:00,0.12773545454545454
2025-11-01 20:00:00+00:00,0.08816257947320617
2025-11-01 21:00:00+00:00,0.11973727272727272
2025-11-01 22:00:00+00:00,0.11599727520435968
2025-11-01 23:00:00+00:00,0.07771843778383289
2025-11-02 00:00:00+00:00,0.05499909173478656
2025-11-02 01:00:00+00:00,0.05542818181818182
2025-11-02 02:00:00+00:00,0.052584014532243414
2025-11-02 03:00:00+00:00,0.05723160762942779
2025-11-02 04:00:00+00:00,0.100039055404178
2025-11-02 05:00:00+00:00,0.06339454545454545
2025-11-02 06:00:00+00:00,0.06257129881925523
2025-11-02 07:00:00+00:00,0.04928065395095368
2025-11-02 08:00:00+00:00,0.05709900090826521
2025-11-02 09:00:00+00:00,0.05008
2025-11-02 10:00:00+00:00,0.04653769300635786
2025-11-02 11:00:00+00:00,0.9333533151680292
2025-11-02 12:00:00+00:00,0.7840980926430519
2025-11-02 13:00:00+00:00,0.7479552511415525
2025-11-02 14:00:00+00:00,0.09911454545454544
2025-11-02 15:00:00+00:00,0.18234695731153497
2025-11-02 16:00:00+00:00,0.17557584014532243
2025-11-02 17:00:00+00:00,0.4610136363636364
2025-11-02 18:00:00+00:00,0.38128428701180744
2025-11-02 19:00:00+00:00,0.20907811080835603
2025-11-02 20:00:00+00:00,0.1318781818181818
2025-11-02 21:00:00+00:00,0.06255313351498638
2025-11-02 22:00:00+00:00,0.05483378746594005
2025-11-02 23:00:00+00:00,0.052904545454545454
2025-11-03 00:00:00+00:00,0.053414431082331175
2025-11-03 01:00:00+00:00,0.057647593097184376
2025-11-03 02:00:00+00:00,0.05562818181818181
2025-11-03 03:00:00+00:00,0.05947502270663033
2025-11-03 04:00:00+00:00,0.05997820163487739
2025-11-03 05:00:00+00:00,0.05568755676657584
2025-11-03 06:00:00+00:00,0.06140236148955495
2025-11-03 07:00:00+00:00,0.05839
2025-11-03 08:00:00+00:00,0.04726793823796549
2025-11-03 09:00:00+00:00,0.04822434150772025
2025-11-03 10:00:00+00:00,0.04609818181818182
2025-11-03 11:00:00+00:00,0.04431153496821072
2025-11-03 12:00:00+00:00,0.048787465940054495
2025-11-03 13:00:00+00:00,0.6917774750227067
2025-11-03 14:00:00+00:00,0.91842
2025-11-03 15:00:00+00:00,0.36424250681198905
2025-11-03 16:00:00+00:00,0.05601089918256131
2025-11-03 17:00:00+00:00,0.5438446866485014
2025-11-03 18:00:00+00:00,0.15007181818181817
2025-11-03 19:00:00+00:00,0.1331716621253406
2025-11-03 20:00:00+00:00,0.23747229791099
2025-11-03 21:00:00+00:00,0.22186739327883742
2025-11-03 22:00:00+00:00,0.11095454545454544
2025-11-03 23:00:00+00:00,0.05250499545867393
2025-11-04 00:00:00+00:00,0.05311807447774751
2025-11-04 01:00:00+00:00,0.05616893732970027
2025-11-04 02:00:00+00:00,0.05464032697547684
2025-11-04 03:00:00+00:00,0.05581545454545454
2025-11-04 04:00:00+00:00,0.058539509536784745
2025-11-04 05:00:00+00:00,0.051364214350590374
2025-11-04 06:00:00+00:00,0.0507338782924614
2025-11-04 07:00:00+00:00,0.05325522252497729
2025-11-04 08:00:00+00:00,0.04243090909090909
2025-11-04 09:00:00+00:00,0.048826521344232515
2025-11-04 10:00:00+00:00,0.04809536784741145
2025-11-04 11:00:00+00:00,0.04577656675749319
2025-11-04 12:00:00+00:00,0.048219090909090906
2025-11-04 13:00:00+00:00,0.042949137148047226
2025-11-04 14:00:00+00:00,0.04499909173478656
2025-11-04 15:00:00+00:00,0.05310263396911898
2025-11-04 16:00:00+00:00,0.05524704813805632
2025-11-04 17:00:00+00:00,0.12560909090909092
2025-11-04 18:00:00+00:00,0.8404831970935513
2025-11-04 19:00:00+00:00,0.9060136239782016
2025-11-04 20:00:00+00:00,0.6976485013623979
2025-11-04 21:00:00+00:00,0.5896790909090909
2025-11-04 22:00:00+00:00,0.211227974568574
2025-11-04 23:00:00+00:00,0.13505086285195275
2025-11-05 00:00:00+00:00,0.1146630336058129
2025-11-05 01:00:00+00:00,0.07711272727272726
2025-11-05 02:00:00+00:00,0.06046594005449591
2025-11-05 03:00:00+00:00,0.05961307901907357
2025-11-05 04:00:00+00:00,0.05759582198001816
2025-11-05 05:00:00+00:00,0.054505454545454544
2025-11-05 06:00:00+00:00,0.060638510445049955
2025-11-05 07:00:00+00:00,0.06757220708446866
2025-11-05 08:00:00+00:00,0.04845685740236149
2025-11-05 09:00:00+00:00,0.04817090909090909
2025-11-05 10:00:00+00:00,0.04634423251589464
2025-11-05 11:00:00+00:00,0.04443142597638511
2025-11-05 12:00:00+00:00,0.048265213442325164
2025-11-05 13:00:00+00:00,0.7006309090909091
2025-11-05 14:00:00+00:00,0.8785386012715714
2025-11-05 15:00:00+00:00,0.5169164396003634
2025-11-05 16:00:00+00:00,0.05658401453224342
2025-11-05 17:00:00+00:00,0.05514636363636364
2025-11-05 18:00:00+00:00,0.05479836512261581
2025-11-05 19:00:00+00:00,0.05518346957311535
2025-11-05 20:00:00+00:00,0.05442506811989101
2025-11-05 21:00:00+00:00,0.24999909090909092
2025-11-05 22:00:00+00:00,0.12492370572207083
2025-11-05 23:00:00+00:00,0.11120435967302453
2025-11-06 00:00:00+00:00,0.10679019073569482
2025-11-06 01:00:00+00:00,0.0531071752951862
2025-11-06 02:00:00+00:00,0.05231636363636363
2025-11-06 03:00:00+00:00,0.05251680290644868
2025-11-06 04:00:00+00:00,0.05433787465940055
2025-11-06 05:00:00+00:00,0.05811363636363637
2025-11-06 06:00:00+00:00,0.05220890099909173
2025-11-06 07:00:00+00:00,0.05018363636363637
2025-11-06 08:00:00+00:00,0.04576839237057221
2025-11-06 09:00:00+00:00,0.047501362397820164
2025-11-06 10:00:00+00:00,0.045480909090909086
2025-11-06 11:00:00+00:00,0.04010445049954587
2025-11-06 12:00:00+00:00,0.04918619436875568
2025-11-06 13:00:00+00:00,0.04307811080835604
2025-11-06 14:00:00+00:00,0.048301818181818175
2025-11-06 15:00:00+00:00,0.052049954586739326
2025-11-06 16:00:00+00:00,0.05627338782924614
2025-11-06 17:00:00+00:00,0.05831516802906449
2025-11-06 18:00:00+00:00,0.10255181818181817
2025-11-06 19:00:00+00:00,0.29367000911577024
2025-11-06 20:00:00+00:00,0.21125594149908597
2025-11-06 21:00:00+00:00,0.19442870118074482
2025-11-06 22:00:00+00:00,0.20034545454545452
2025-11-06 23:00:00+00:00,0.08085805860805861
2025-11-07 00:00:00+00:00,0.05185921889191644
2025-11-07 01:00:00+00:00,0.06547320617620345
2025-11-07 02:00:00+00:00,0.055404545454545456
2025-11-07 03:00:00+00:00,0.057826521344232516
2025-11-07 04:00:00+00:00,0.05828662420382165
2025-11-07 05:00:00+00:00,0.0803066424021838
2025-11-07 06:00:00+00:00,0.08610909090909091
2025-11-07 07:00:00+00:00,0.05141780199818347
2025-11-07 08:00:00+00:00,0.04916257947320618
2025-11-07 09:00:00+00:00,0.05647320617620345
2025-11-07 10:00:00+00:00,0.21604909090909089
2025-11-07 11:00:00+00:00,1.0117184377838329
2025-11-07 12:00:00+00:00,0.11172388737511352
2025-11-07 13:00:00+00:00,1.1434231119199272
2025-11-07 14:00:00+00:00,0.8124241598546775
2025-11-07 15:00:00+00:00,0.5304695731153497
2025-11-07 16:00:00+00:00,0.09656039963669391
2025-11-07 17:00:00+00:00,0.6917836363636364
2025-11-07 18:00:00+00:00,0.1943687556766576
2025-11-07 19:00:00+00:00,0.2621961852861035
2025-11-07 20:00:00+00:00,0.19833636363636364
2025-11-07 21:00:00+00:00,0.13511534968210717
2025-11-07 22:00:00+00:00,0.1252488646684832
2025-11-07 23:00:00+00:00,0.1220708446866485
2025-11-08 00:00:00+00:00,0.10940000000000001
2025-11-08 01:00:00+00:00,0.08508083560399636
2025-11-08 02:00:00+00:00,0.05764123524069028
2025-11-08 03:00:00+00:00,0.05541507720254314
2025-11-08 04:00:00+00:00,0.05831244323342416
2025-11-08 05:00:00+00:00,0.05375341219290264
2025-11-08 06:00:00+00:00,0.057648501362397825
2025-11-08 07:00:00+00:00,0.04869754768392371
2025-11-08 08:00:00+00:00,0.06239237057220708
2025-11-08 09:00:00+00:00,0.06139727272727273
2025-11-08 10:00:00+00:00,0.05261852861035423
2025-11-08 11:00:00+00:00,0.05577565849227975
2025-11-08 12:00:00+00:00,0.05883832879200727
2025-11-08 13:00:00+00:00,0.6761636363636363
2025-11-08 14:00:00+00:00,0.9147039055404178
2025-11-08 15:00:00+00:00,0.45076021798365123
2025-11-08 16:00:00+00:00,0.07465667574931881
2025-11-08 17:00:00+00:00,0.1478709090909091
2025-11-08 18:00:00+00:00,0.06675658492279746
2025-11-08 19:00:00+00:00,0.05713636363636363
2025-11-08 20:00:00+00:00,0.058089009990917345
2025-11-08 21:00:00+00:00,0.05586376021798365
2025-11-08 22:00:00+00:00,0.06281108083560401
2025-11-08 23:00:00+00:00,0.19407090909090907
2025-11-09 00:00:00+00:00,0.14613260672116257
2025-11-09 01:00:00+00:00,0.11071117166212534
2025-11-09 02:00:00+00:00,0.05454677565849228
2025-11-09 03:00:00+00:00,0.05437545454545455
2025-11-09 04:00:00+00:00,0.0540535876475931
2025-11-09 05:00:00+00:00,0.1285622161671208
2025-11-09 06:00:00+00:00,0.1196158038147139
2025-11-09 07:00:00+00:00,0.1013209090909091
2025-11-09 08:00:00+00:00,0.06281834695731153
2025-11-09 09:00:00+00:00,0.04752225249772934
2025-11-09 10:00:00+00:00,0.04574205267938238
2025-11-09 11:00:00+00:00,0.04191280653950954
2025-11-09 12:00:00+00:00,0.32259818181818184
2025-11-09 13:00:00+00:00,0.6810363306085377
2025-11-09 14:00:00+00:00,1.0334296094459583
2025-11-09 15:00:00+00:00,0.17097547683923706
2025-11-09 16:00:00+00:00,0.13435090909090908
2025-11-09 17:00:00+00:00,0.07796639418710263
2025-11-09 18:00:00+00:00,0.7104296094459582
2025-11-09 19:00:00+00:00,0.1522643051771117
2025-11-09 20:00:00+00:00,0.26256545454545455
2025-11-09 21:00:00+00:00,0.2720254314259764
2025-11-09 22:00:00+00:00,0.07562942779291554
2025-11-09 23:00:00+00:00,0.05387465940054496
2025-11-10 00:00:00+00:00,0.053451818181818184
2025-11-10 01:00:00+00:00,0.052643051771117166
2025-11-10 02:00:00+00:00,0.053321525885558586
2025-11-10 03:00:00+00:00,0.050832879200726606
2025-11-10 04:00:00+00:00,0.05286012715712988
2025-11-10 05:00:00+00:00,0.05667909090909091
2025-11-10 06:00:00+00:00,0.053909173478655766
2025-11-10 07:00:00+00:00,0.07552225249772934
2025-11-10 08:00:00+00:00,0.04969663941871026
2025-11-10 09:00:00+00:00,0.044310909090909095
2025-11-10 10:00:00+00:00,0.04704268846503179
2025-11-10 11:00:00+00:00,0.04366848319709355
2025-11-10 12:00:00+00:00,0.046293369663941875
2025-11-10 13:00:00+00:00,0.046294545454545456
2025-11-10 14:00:00+00:00,0.14293480257116623
2025-11-10 15:00:00+00:00,0.15105393053016453
2025-11-10 16:00:00+00:00,0.14728308823529412
2025-11-10 17:00:00+00:00,0.68417843866171
2025-11-10 18:00:00+00:00,0.2564219330855019
2025-11-10 19:00:00+00:00,0.2471413953488372
2025-11-10 20:00:00+00:00,0.15815148698884757
2025-11-10 21:00:00+00:00,0.1845367441860465
2025-11-10 22:00:00+00:00,0.06467193308550186
2025-11-10 23:00:00+00:00,0.0600046468401487
2025-11-11 00:00:00+00:00,0.054657822506861846
2025-11-11 01:00:00+00:00,0.05523342415985468
2025-11-11 02:00:00+00:00,0.05853678474114442
2025-11-11 03:00:00+00:00,0.05640871934604905
2025-11-11 04:00:00+00:00,0.059396363636363636
2025-11-11 05:00:00+00:00,0.056907356948228884
2025-11-11 06:00:00+00:00,0.057474114441416896
2025-11-11 07:00:00+00:00,0.07413260672116258
2025-11-11 08:00:00+00:00,0.04338181818181818
2025-11-11 09:00:00+00:00,0.045216167120799275
2025-11-11 10:00:00+00:00,0.04726067211625795
2025-11-11 11:00:00+00:00,0.043469573115349686
2025-11-11 12:00:00+00:00,0.04853272727272727
2025-11-11 13:00:00+00:00,0.6622506811989101
2025-11-11 14:00:00+00:00,0.9046348773841962
2025-11-11 15:00:00+00:00,0.4270644868301544
2025-11-11 16:00:00+00:00,0.05497090909090909
2025-11-11 17:00:00+00:00,0.05440508628519528
2025-11-11 18:00:00+00:00,0.05205177111716621
2025-11-11 19:00:00+00:00,0.07251952770208901
2025-11-11 20:00:00+00:00,0.1386766575840145
2025-11-11 21:00:00+00:00,0.11995454545454544
2025-11-11 22:00:00+00:00,0.083905540417802
2025-11-11 23:00:00+00:00,0.05075022706630336
2025-11-12 00:00:00+00:00,0.04799182561307902
2025-11-12 01:00:00+00:00,0.053300909090909086
2025-11-12 02:00:00+00:00,0.05279473206176204
2025-11-12 03:00:00+00:00,0.05219073569482289
2025-11-12 04:00:00+00:00,0.052773841961852856
2025-11-12 05:00:00+00:00,0.09326727272727273
2025-11-12 06:00:00+00:00,0.11674750227066304
2025-11-12 07:00:00+00:00,0.06466666666666668
2025-11-12 08:00:00+00:00,0.046517711171662125
2025-11-12 09:00:00+00:00,0.04203451407811081
2025-11-12 10:00:00+00:00,0.04493363636363637
2025-11-12 11:00:00+00:00,0.0456330608537693
2025-11-12 12:00:00+00:00,0.04271752951861944
2025-11-12 13:00:00+00:00,0.7282388737511353
2025-11-12 14:00:00+00:00,1.0529536363636365
2025-11-12 15:00:00+00:00,0.5986158038147139
2025-11-12 16:00:00+00:00,0.8314096276112625
2025-11-12 17:00:00+00:00,1.1470236148955495
2025-11-12 18:00:00+00:00,0.7543481818181819
2025-11-12 19:00:00+00:00,0.7282770208900999
2025-11-12 20:00:00+00:00,0.962439600363306
2025-11-12 21:00:00+00:00,0.09964032697547684
2025-11-12 22:00:00+00:00,0.0630890909090909
2025-11-12 23:00:00+00:00,0.06204632152588556
2025-11-13 00:00:00+00:00,0.06353315168029064
2025-11-13 01:00:00+00:00,0.06054768392370572
2025-11-13 02:00:00+00:00,0.060811080835604
2025-11-13 03:00:00+00:00,0.06075090909090909
2025-11-13 04:00:00+00:00,0.0631716621253406
2025-11-13 05:00:00+00:00,0.06272661217075386
2025-11-13 06:00:00+00:00,0.06484377838328792
2025-11-13 07:00:00+00:00,0.05602
2025-11-13 08:00:00+00:00,0.05460853769300636
2025-11-13 09:00:00+00:00,0.05099818346957312
2025-11-13 10:00:00+00:00,0.0531716621253406
2025-11-13 11:00:00+00:00,0.05446
2025-11-13 12:00:00+00:00,0.053106267029972745
2025-11-13 13:00:00+00:00,0.45538873751135334
2025-11-13 14:00:00+00:00,0.0536866485013624
2025-11-13 15:00:00+00:00,0.05925068119891008
2025-11-13 16:00:00+00:00,0.06234636363636364
2025-11-13 17:00:00+00:00,0.06056312443233424
2025-11-13 18:00:00+00:00,0.05693006357856494
2025-11-13 19:00:00+00:00,0.05627727272727272
2025-11-13 20:00:00+00:00,0.06264850136239783
2025-11-13 21:00:00+00:00,0.061126248864668484
2025-11-13 22:00:00+00:00,0.0609763851044505
2025-11-13 23:00:00+00:00,0.06025272727272727
2025-11-14 00:00:00+00:00,0.0604141689373297
2025-11-14 01:00:00+00:00,0.061514986376021805
2025-11-14 02:00:00+00:00,0.06355949137148047
2025-11-14 03:00:00+00:00,0.06529609445958219
2025-11-14 04:00:00+00:00,0.06104909090909091
2025-11-14 05:00:00+00:00,0.06649954586739328
2025-11-14 06:00:00+00:00,0.06321344232515895
2025-11-14 07:00:00+00:00,0.06275545454545454
2025-11-14 08:00:00+00:00,0.06294454545454546
2025-11-14 09:00:00+00:00,0.05631244323342416
2025-11-14 10:00:00+00:00,0.0586566757493188
2025-11-14 11:00:00+00:00,0.05944050862851953
2025-11-14 12:00:00+00:00,0.43445
2025-11-14 13:00:00+00:00,0.05529155313351499
2025-11-14 14:00:00+00:00,0.05553769300635786
2025-11-14 15:00:00+00:00,0.31914713896457764
2025-11-14 16:00:00+00:00,0.4946409090909091
2025-11-14 17:00:00+00:00,0.05923524069028156
2025-11-14 18:00:00+00:00,0.5581562216167121
2025-11-14 19:00:00+00:00,0.6804214350590372
2025-11-14 20:00:00+00:00,0.24207181818181817
2025-11-14 21:00:00+00:00,0.6727901907356949
2025-11-14 22:00:00+00:00,0.7875186194368756
2025-11-14 23:00:00+00:00,0.25233969118982746
2025-11-15 00:00:00+00:00,0.38611454545454554
2025-11-15 01:00:00+00:00,0.6965958219800181
2025-11-15 02:00:00+00:00,0.0683841961852861
2025-11-15 03:00:00+00:00,0.19106811989100816
2025-11-15 04:00:00+00:00,0.4465881818181818
2025-11-15 05:00:00+00:00,0.05484377838328792
2025-11-15 06:00:00+00:00,0.05476021798365122
2025-11-15 07:00:00+00:00,0.05349
2025-11-15 08:00:00+00:00,0.051573115349682105
2025-11-15 09:00:00+00:00,0.7879545867393278
2025-11-15 10:00:00+00:00,0.10830355515041021
2025-11-15 11:00:00+00:00,0.10439418710263397
2025-11-15 12:00:00+00:00,0.2363018181818182
2025-11-15 13:00:00+00:00,0.7066657584014532
2025-11-15 14:00:00+00:00,1.210779090909091
2025-11-15 15:00:00+00:00,0.8646730245231607
2025-11-15 16:00:00+00:00,0.7626821071752952
2025-11-15 17:00:00+00:00,0.4926203451407811
2025-11-15 18:00:00+00:00,0.4734463636363636
2025-11-15 19:00:00+00:00,0.7822170753860128
2025-11-15 20:00:00+00:00,0.27451952770208904
2025-11-15 21:00:00+00:00,0.12472818181818182
2025-11-15 22:00:00+00:00,0.16373751135331516
2025-11-15 23:00:00+00:00,0.07524432334241599
2025-11-16 00:00:00+00:00,0.06363124432334241
2025-11-16 01:00:00+00:00,0.05564454545454546
2025-11-16 02:00:00+00:00,0.07006085376930063
2025-11-16 03:00:00+00:00,0.06240417801998184
2025-11-16 04:00:00+00:00,0.0909763851044505
2025-11-16 05:00:00+00:00,0.09299727272727272
2025-11-16 06:00:00+00:00,0.08814078110808356
2025-11-16 07:00:00+00:00,0.06241326067211626
2025-11-16 08:00:00+00:00,0.05914168937329701
2025-11-16 09:00:00+00:00,0.053100909090909094
2025-11-16 10:00:00+00:00,0.1564205267938238
2025-11-16 11:00:00+00:00,0.39257220708446866
2025-11-16 12:00:00+00:00,0.8455158946412352
2025-11-16 13:00:00+00:00,0.7725859872611465
2025-11-16 14:00:00+00:00,1.6778601271571298
2025-11-16 15:00:00+00:00,0.7152234332425068
2025-11-16 16:00:00+00:00,1.3350626702997275
2025-11-16 17:00:00+00:00,1.1921090909090908
2025-11-16 18:00:00+00:00,0.48807720254314263
2025-11-16 19:00:00+00:00,0.204094459582198
2025-11-16 20:00:00+00:00,0.13776294277929158
2025-11-16 21:00:00+00:00,0.14947363636363636
2025-11-16 22:00:00+00:00,0.0826330608537693
2025-11-16 23:00:00+00:00,0.058147138964577655
2025-11-17 00:00:00+00:00,0.05752861035422343
2025-11-17 01:00:00+00:00,0.06159363636363637
2025-11-17 02:00:00+00:00,0.05974750227066304
2025-11-17 03:00:00+00:00,0.06518074477747503
2025-11-17 04:00:00+00:00,0.06118437783832879
2025-11-17 05:00:00+00:00,0.06188363636363636
2025-11-17 06:00:00+00:00,0.06567665758401453
2025-11-17 07:00:00+00:00,0.059376021798365125
2025-11-17 08:00:00+00:00,0.6470763636363637
2025-11-17 09:00:00+00:00,0.6812672727272727
2025-11-17 10:00:00+00:00,0.6463027272727272
2025-11-17 11:00:00+00:00,0.05648228882833787
2025-11-17 12:00:00+00:00,0.051113533151680296
2025-11-17 13:00:00+00:00,0.7922588555858311
2025-11-17 14:00:00+00:00,1.009132727272727
2025-11-17 15:00:00+00:00,0.19110445049954583
2025-11-17 16:00:00+00:00,0.10370935513169846
2025-11-17 17:00:00+00:00,0.07858492279745685
2025-11-17 18:00:00+00:00,0.07883636363636365
2025-11-17 19:00:00+00:00,0.08115622161671207
2025-11-17 20:00:00+00:00,0.6882388737511353
2025-11-17 21:00:00+00:00,0.126952770208901
2025-11-17 22:00:00+00:00,0.1192381818181818
2025-11-17 23:00:00+00:00,0.08008083560399636
2025-11-18 00:00:00+00:00,0.05966485013623978
2025-11-18 01:00:00+00:00,0.06074931880108992
2025-11-18 02:00:00+00:00,0.10894454545454543
2025-11-18 03:00:00+00:00,0.5641153496821072
2025-11-18 04:00:00+00:00,0.0601480472297911
2025-11-18 05:00:00+00:00,0.14660036330608536
2025-11-18 06:00:00+00:00,0.6318428701180745
2025-11-18 07:00:00+00:00,0.07775636363636364
2025-11-18 08:00:00+00:00,0.060736603088101734
2025-11-18 09:00:00+00:00,0.0478455949137148
2025-11-18 10:00:00+00:00,0.04737602179836512
2025-11-18 11:00:00+00:00,0.043590000000000004
2025-11-18 12:00:00+00:00,0.056334241598546775
2025-11-18 13:00:00+00:00,0.395952865064695
2025-11-18 14:00:00+00:00,0.04687523105360444
2025-11-18 15:00:00+00:00,0.05968483197093551
2025-11-18 16:00:00+00:00,0.06363760217983651
2025-11-18 17:00:00+00:00,0.069
2025-11-18 18:00:00+00:00,0.5017645454545454
2025-11-18 19:00:00+00:00,0.3499627611262489
2025-11-18 20:00:00+00:00,0.07160399636693915
2025-11-18 21:00:00+00:00,0.6149455040871935
2025-11-18 22:00:00+00:00,0.5932345454545455
2025-11-18 23:00:00+00:00,0.5096421435059036
2025-11-19 00:00:00+00:00,0.12466394187102633
2025-11-19 01:00:00+00:00,0.09746321525885558
2025-11-19 02:00:00+00:00,0.10114272727272729
2025-11-19 03:00:00+00:00,0.09340871934604904
2025-11-19 04:00:00+00:00,0.059416893732970016
2025-11-19 05:00:00+00:00,0.06536603088101725
2025-11-19 06:00:00+00:00,0.06349545454545455
2025-11-19 07:00:00+00:00,0.06593460490463215
2025-11-19 08:00:00+00:00,0.08994368755676657
2025-11-19 09:00:00+00:00,0.07732515894641236
2025-11-19 10:00:00+00:00,0.4614990909090909
2025-11-19 11:00:00+00:00,0.32985558583106267
2025-11-19 12:00:00+00:00,0.6914895549500454
2025-11-19 13:00:00+00:00,1.1165927272727272
2025-11-19 14:00:00+00:00,0.9022325158946413
2025-11-19 15:00:00+00:00,0.24947636363636363
2025-11-19 16:00:00+00:00,0.6523533151680291
2025-11-19 17:00:00+00:00,0.5113905540417802
2025-11-19 18:00:00+00:00,0.07271843778383288
2025-11-19 19:00:00+00:00,0.06254454545454545
2025-11-19 20:00:00+00:00,0.06236603088101726
2025-11-19 21:00:00+00:00,0.06271934604904632
2025-11-19 22:00:00+00:00,0.9331653042688464
2025-11-19 23:00:00+00:00,0.72426
2025-11-20 00:00:00+00:00,0.12793278837420527
2025-11-20 01:00:00+00:00,0.09319346049046319
2025-11-20 02:00:00+00:00,0.06424363636363636
2025-11-20 03:00:00+00:00,0.05996821071752952
2025-11-20 04:00:00+00:00,0.3922488646684832
2025-11-20 05:00:00+00:00,0.2788755676657584
2025-11-20 06:00:00+00:00,0.057078110808356036
2025-11-20 07:00:00+00:00,0.45877909090909086
2025-11-20 08:00:00+00:00,0.2704940962761126
2025-11-20 09:00:00+00:00,0.06040236148955495
2025-11-20 10:00:00+00:00,0.06025703905540418
2025-11-20 11:00:00+00:00,0.05993
2025-11-20 12:00:00+00:00,0.05983454545454545
2025-11-20 13:00:00+00:00,0.6649109900090826
2025-11-20 14:00:00+00:00,0.886858310626703
2025-11-20 15:00:00+00:00,0.5117954545454546
2025-11-20 16:00:00+00:00,0.05616167120799273
2025-11-20 17:00:00+00:00,0.05455495004541326
2025-11-20 18:00:00+00:00,0.4933823796548592
2025-11-20 19:00:00+00:00,0.1586809090909091
2025-11-20 20:00:00+00:00,0.1626158038147139
2025-11-20 21:00:00+00:00,0.29317075386012714
2025-11-20 22:00:00+00:00,0.13926884650317892
2025-11-20 23:00:00+00:00,0.07193454545454546
2025-11-21 00:00:00+00:00,0.05304632152588556
2025-11-21 01:00:00+00:00,0.05354223433242507
2025-11-21 02:00:00+00:00,0.07895545454545454
2025-11-21 03:00:00+00:00,0.08320980926430518
2025-11-21 04:00:00+00:00,0.06356584922797456
2025-11-21 05:00:00+00:00,0.05357454545454546
2025-11-21 06:00:00+00:00,0.05318074477747502
2025-11-21 07:00:00+00:00,0.04882016348773842
2025-11-21 08:00:00+00:00,0.06704178019981835
2025-11-21 09:00:00+00:00,0.04347502270663033
2025-11-21 10:00:00+00:00,0.4600690909090909
2025-11-21 11:00:00+00:00,0.3208864668483197
2025-11-21 12:00:00+00:00,0.21512079927338784
2025-11-21 13:00:00+00:00,0.8974977293369664
2025-11-21 14:00:00+00:00,1.038689090909091
2025-11-21 15:00:00+00:00,0.7476376021798365
2025-11-21 16:00:00+00:00,0.3677238873751135
2025-11-21 17:00:00+00:00,0.8279881818181818
2025-11-21 18:00:00+00:00,0.9266254545454544
2025-11-21 19:00:00+00:00,0.1816485013623978
2025-11-21 20:00:00+00:00,0.4127048138056313
2025-11-21 21:00:00+00:00,0.9833418181818182
2025-11-21 22:00:00+00:00,0.3781144414168937
2025-11-21 23:00:00+00:00,0.36456948228882835
2025-11-22 00:00:00+00:00,0.3591254545454545
2025-11-22 01:00:00+00:00,0.3592742960944596
2025-11-22 02:00:00+00:00,0.3574568574023615
2025-11-22 03:00:00+00:00,0.36016454545454546
2025-11-22 04:00:00+00:00,0.39764486830154405
2025-11-22 05:00:00+00:00,0.4129009990917348
2025-11-22 06:00:00+00:00,0.3847520435967302
2025-11-22 07:00:00+00:00,0.3445
2025-11-22 08:00:00+00:00,0.2671289736603088
2025-11-22 09:00:00+00:00,0.1577429609445958
2025-11-22 10:00:00+00:00,0.050705722070844686
2025-11-22 11:00:00+00:00,0.41252090909090905
2025-11-22 12:00:00+00:00,1.106057220708447
2025-11-22 13:00:00+00:00,1.2708119891008176
2025-11-22 14:00:00+00:00,0.9531389645776568
2025-11-22 15:00:00+00:00,0.69149
2025-11-22 16:00:00+00:00,0.6845867393278837
2025-11-22 17:00:00+00:00,0.5525767484105358
2025-11-22 18:00:00+00:00,0.2365509090909091
2025-11-22 19:00:00+00:00,0.24836966394187104
2025-11-22 20:00:00+00:00,0.2432706630336058
2025-11-22 21:00:00+00:00,0.21900363306085377
2025-11-22 22:00:00+00:00,0.08158727272727273
2025-11-22 23:00:00+00:00,0.05744686648501362
2025-11-23 00:00:00+00:00,0.06639691189827429
2025-11-23 01:00:00+00:00,0.06346957311534968
2025-11-23 02:00:00+00:00,0.058830909090909086
2025-11-23 03:00:00+00:00,0.06303451407811081
2025-11-23 04:00:00+00:00,0.05829155313351499
2025-11-23 05:00:00+00:00,0.0947384196185286
2025-11-23 06:00:00+00:00,0.5768910081743869
2025-11-23 07:00:00+00:00,0.055174545454545455
2025-11-23 08:00:00+00:00,0.13891825613079017
2025-11-23 09:00:00+00:00,0.3067529518619437
2025-11-23 10:00:00+00:00,0.4640808356039964
2025-11-23 11:00:00+00:00,0.052655454545454554
2025-11-23 12:00:00+00:00,0.6051271571298819
2025-11-23 13:00:00+00:00,0.7268635122838945
2025-11-23 14:00:00+00:00,0.7027702089009992
2025-11-23 15:00:00+00:00,0.2540363306085377
2025-11-23 16:00:00+00:00,0.1680217983651226
2025-11-23 17:00:00+00:00,0.3065909090909091
2025-11-23 18:00:00+00:00,0.9295885558583108
2025-11-23 19:00:00+00:00,0.4680753860127157
2025-11-23 20:00:00+00:00,0.4343841961852861
2025-11-23 21:00:00+00:00,0.4100290909090909
2025-11-23 22:00:00+00:00,0.08168846503178928
2025-11-23 23:00:00+00:00,0.06428454545454546
2025-11-24 00:00:00+00:00,0.05995549500454132
2025-11-24 01:00:00+00:00,0.06128909090909091
2025-11-24 02:00:00+00:00,0.05691916439600363
2025-11-24 03:00:00+00:00,0.060250681198910076
2025-11-24 04:00:00+00:00,0.061119891008174394
2025-11-24 05:00:00+00:00,0.05803454545454545
2025-11-24 06:00:00+00:00,0.06544686648501363
2025-11-24 07:00:00+00:00,0.10206709558823528
2025-11-24 08:00:00+00:00,0.060810172570390564
2025-11-24 09:00:00+00:00,0.06086181818181818
2025-11-24 10:00:00+00:00,0.055305177111716626
2025-11-24 11:00:00+00:00,0.05673297002724796
2025-11-24 12:00:00+00:00,0.11044686648501365
2025-11-24 13:00:00+00:00,0.6850272727272727
2025-11-24 14:00:00+00:00,0.9098446866485014
2025-11-24 15:00:00+00:00,0.5392134423251589
2025-11-24 16:00:00+00:00,0.07105722070844686
2025-11-24 17:00:00+00:00,0.32333272727272727
2025-11-24 18:00:00+00:00,0.6164868301544051
2025-11-24 19:00:00+00:00,0.08700181653042688
2025-11-24 20:00:00+00:00,0.09923
2025-11-24 21:00:00+00:00,0.1541762034514078
2025-11-24 22:00:00+00:00,0.1610172570390554
2025-11-24 23:00:00+00:00,0.1247229791099001
2025-11-25 00:00:00+00:00,0.11862181818181819
2025-11-25 01:00:00+00:00,0.0912425068119891
2025-11-25 02:00:00+00:00,0.058336966394187104
2025-11-25 03:00:00+00:00,0.05696911898274296
2025-11-25 04:00:00+00:00,0.059583636363636366
2025-11-25 05:00:00+00:00,0.11897910990009083
2025-11-25 06:00:00+00:00,0.6036203451407811
2025-11-25 07:00:00+00:00,0.11422
2025-11-25 08:00:00+00:00,0.0513605812897366
2025-11-25 09:00:00+00:00,0.046259763851044494
2025-11-25 10:00:00+00:00,0.94011080835604
2025-11-25 11:00:00+00:00,0.5338463636363636
2025-11-25 12:00:00+00:00,0.0522597638510445
2025-11-25 13:00:00+00:00,0.39774841053587645
2025-11-25 14:00:00+00:00,0.049864668483197094
2025-11-25 15:00:00+00:00,0.05648909090909091
2025-11-25 16:00:00+00:00,0.06421525885558584
2025-11-25 17:00:00+00:00,0.6494922797456858
2025-11-25 18:00:00+00:00,0.21571389645776567
2025-11-25 19:00:00+00:00,0.7771119199272066
2025-11-25 20:00:00+00:00,0.6585785649409628
2025-11-25 21:00:00+00:00,0.1586049046321526
2025-11-25 22:00:00+00:00,0.24079019073569483
2025-11-25 23:00:00+00:00,0.07095363636363636
2025-11-26 00:00:00+00:00,0.04903814713896457
2025-11-26 01:00:00+00:00,0.04763124432334241
2025-11-26 02:00:00+00:00,0.05084287011807448
2025-11-26 03:00:00+00:00,0.048039090909090906
2025-11-26 04:00:00+00:00,0.07005631244323342
2025-11-26 05:00:00+00:00,0.08129064486830154
2025-11-26 06:00:00+00:00,0.05655727272727273
2025-11-26 07:00:00+00:00,0.046129881925522254
2025-11-26 08:00:00+00:00,0.2632079927338783
2025-11-26 09:00:00+00:00,0.5799064486830154
2025-11-26 10:00:00+00:00,0.05931
2025-11-26 11:00:00+00:00,0.057920980926430526
2025-11-26 12:00:00+00:00,0.054045413260672116
2025-11-26 13:00:00+00:00,0.42910263396911896
2025-11-26 14:00:00+00:00,0.051670909090909094
2025-11-26 15:00:00+00:00,0.0589700272479564
2025-11-26 16:00:00+00:00,0.05852406902815622
2025-11-26 17:00:00+00:00,0.05549500454132607
2025-11-26 18:00:00+00:00,0.07350727272727273
2025-11-26 19:00:00+00:00,0.8717956403269754
2025-11-26 20:00:00+00:00,0.9156318181818182
2025-11-26 21:00:00+00:00,0.9749618528610353
2025-11-26 22:00:00+00:00,0.4799282470481381
2025-11-26 23:00:00+00:00,0.4583290909090909
2025-11-27 00:00:00+00:00,0.05699091734786558
2025-11-27 01:00:00+00:00,0.05279927338782925
2025-11-27 02:00:00+00:00,0.05110990009082652
2025-11-27 03:00:00+00:00,0.054369999999999995
2025-11-27 04:00:00+00:00,0.057609445958219804
2025-11-27 05:00:00+00:00,0.05237693006357856
2025-11-27 06:00:00+00:00,0.05191008174386921
2025-11-27 07:00:00+00:00,0.0896390909090909
2025-11-27 08:00:00+00:00,1.4318219800181653
2025-11-27 09:00:00+00:00,0.5294772727272727
2025-11-27 10:00:00+00:00,0.08665485921889192
2025-11-27 11:00:00+00:00,0.09383923705722072
2025-11-27 12:00:00+00:00,0.10610354223433242
2025-11-27 13:00:00+00:00,0.7025336363636363
2025-11-27 14:00:00+00:00,1.5434623069936422
2025-11-27 15:00:00+00:00,0.46560672116257945
2025-11-27 16:00:00+00:00,0.16240454545454547
2025-11-27 17:00:00+00:00,0.3300881017257039
2025-11-27 18:00:00+00:00,0.3430190735694823
2025-11-27 19:00:00+00:00,0.12324704813805631
2025-11-27 20:00:00+00:00,0.1630809090909091
2025-11-27 21:00:00+00:00,0.0822534059945504
2025-11-27 22:00:00+00:00,0.09620890099909174
2025-11-27 23:00:00+00:00,0.06017075386012716
2025-11-28 00:00:00+00:00,0.05607454545454546
2025-11-28 01:00:00+00:00,0.05990281562216167
2025-11-28 02:00:00+00:00,0.053323342415985464
2025-11-28 03:00:00+00:00,0.05801089918256131
2025-11-28 04:00:00+00:00,0.05949363636363636
2025-11-28 05:00:00+00:00,0.056613987284287015
2025-11-28 06:00:00+00:00,0.09076475930971845
2025-11-28 07:00:00+00:00,0.11266757493188012
2025-11-28 08:00:00+00:00,0.09525545454545455
2025-11-28 09:00:00+00:00,1.3368719346049047
2025-11-28 10:00:00+00:00,0.6335395095367847
2025-11-28 11:00:00+00:00,0.14880000000000002
2025-11-28 12:00:00+00:00,0.3007020890099909
2025-11-28 13:00:00+00:00,0.8057238873751136
2025-11-28 14:00:00+00:00,0.19203542234332424
2025-11-28 15:00:00+00:00,0.21759945504087197
2025-11-28 16:00:00+00:00,0.6324672727272728
2025-11-28 17:00:00+00:00,0.2711880108991826
2025-11-28 18:00:00+00:00,0.2562043596730245
2025-11-28 19:00:00+00:00,0.2562145454545454
2025-11-28 20:00:00+00:00,0.25902906448683016
2025-11-28 21:00:00+00:00,0.3086902815622162
2025-11-28 22:00:00+00:00,0.10546503178928247
2025-11-28 23:00:00+00:00,0.11242766151046406
2025-11-29 00:00:00+00:00,0.1278174386920981
2025-11-29 01:00:00+00:00,0.08632061762034515
2025-11-29 02:00:00+00:00,0.06847090909090908
2025-11-29 03:00:00+00:00,0.06607992733878293
2025-11-29 04:00:00+00:00,0.06485467756584923
2025-11-29 05:00:00+00:00,0.07414078110808356
2025-11-29 06:00:00+00:00,0.12099272727272728
2025-11-29 07:00:00+00:00,0.1010172570390554
2025-11-29 08:00:00+00:00,0.6508755676657584
2025-11-29 09:00:00+00:00,1.1280517711171665
2025-11-29 10:00:00+00:00,0.5675236363636363
2025-11-29 11:00:00+00:00,0.049880108991825614
2025-11-29 12:00:00+00:00,0.05022343324250682
2025-11-29 13:00:00+00:00,0.6402125340599455
2025-11-29 14:00:00+00:00,0.9135190909090908
2025-11-29 15:00:00+00:00,0.6477447774750227
2025-11-29 16:00:00+00:00,0.06012806539509537
2025-11-29 17:00:00+00:00,0.05927702089009991
2025-11-29 18:00:00+00:00,0.05793636363636364
2025-11-29 19:00:00+00:00,0.06422524977293369
2025-11-29 20:00:00+00:00,0.16545594913714806
2025-11-29 21:00:00+00:00,0.4053151680290645
2025-11-29 22:00:00+00:00,0.13192272727272727
2025-11-29 23:00:00+00:00,0.06777838328792007
