time,predicted,true
2015-03-06 00:00:00,5.987048178911209,6.454913191497326
2015-03-06 01:00:00,6.183978773653507,6.696296565234661
2015-03-06 02:00:00,6.296154156327248,7.802962653338909
2015-03-06 03:00:00,6.355974525213242,7.595896042883396
2015-03-06 04:00:00,7.997823849320412,6.222031131386757
2015-03-06 05:00:00,9.17488807067275,8.944050878286362
2015-03-06 06:00:00,9.71971545368433,8.961364157497883
2015-03-06 07:00:00,11.423510193824768,12.2028132006526
2015-03-06 08:00:00,12.010467186570168,14.145982041954994
2015-03-06 09:00:00,10.734652549028397,10.440754190087318
2015-03-06 10:00:00,9.345644548535347,10.812498852610588
2015-03-06 11:00:00,9.239396139979362,10.056947410106659
2015-03-06 12:00:00,9.55291722714901,12.24883459508419
2015-03-06 13:00:00,9.685728326439857,12.408843278884888
2015-03-06 14:00:00,9.615760564804077,9.40508471429348
2015-03-06 15:00:00,10.687630265951157,11.245164170861244
2015-03-06 16:00:00,12.613991737365723,13.258351445198059
2015-03-06 17:00:00,14.076884910464287,19.868309304118156
2015-03-06 18:00:00,14.225300133228302,14.416137129068375
2015-03-06 19:00:00,12.67699758708477,12.306197702884674
2015-03-06 20:00:00,11.101017713546753,11.608019083738327
2015-03-06 21:00:00,9.454444855451584,12.811677172780037
2015-03-06 22:00:00,7.998429819941521,8.77904388308525
2015-03-06 23:00:00,6.858020588755608,7.301045015454292
2015-03-07 00:00:00,5.744723223149776,7.302011087536812
2015-03-07 01:00:00,5.73620517551899,6.706268340349197
2015-03-07 02:00:00,6.28114341199398,7.503910481929779
2015-03-07 03:00:00,5.899282682687044,6.617354512214661
2015-03-07 04:00:00,6.457265645265579,8.063568964600563
2015-03-07 05:00:00,9.143971227109432,8.939345329999924
2015-03-07 06:00:00,10.829522252082825,8.327635414898396
2015-03-07 07:00:00,12.119390740990639,14.457314029335976
2015-03-07 08:00:00,12.987994372844696,13.78585809469223
2015-03-07 09:00:00,11.17697411775589,8.798927426338196
2015-03-07 10:00:00,9.303284779191017,8.197757512331009
2015-03-07 11:00:00,8.985569387674332,9.146776169538498
2015-03-07 12:00:00,9.60707475244999,10.713587120175362
2015-03-07 13:00:00,9.4543297290802,12.206302985548973
2015-03-07 14:00:00,9.128890424966812,9.208764016628265
2015-03-07 15:00:00,9.97170603275299,7.6277666091918945
2015-03-07 16:00:00,12.694091454148293,13.103253871202469
2015-03-07 17:00:00,14.725186944007874,16.45040102303028
2015-03-07 18:00:00,15.735729709267616,18.470698446035385
2015-03-07 19:00:00,14.242814183235168,16.829410329461098
2015-03-07 20:00:00,11.41375844180584,16.923942759633064
2015-03-07 21:00:00,9.316775813698769,12.838698014616966
2015-03-07 22:00:00,7.945207208395004,9.59919622540474
2015-03-07 23:00:00,6.964500054717064,6.6723135858774185
2015-03-08 00:00:00,5.556030377745628,5.693459004163742
2015-03-08 01:00:00,5.493457913398743,8.740206114947796
2015-03-08 02:00:00,6.116272404789925,7.972566433250904
2015-03-08 03:00:00,5.876441664993763,6.671018801629543
2015-03-08 04:00:00,6.562806881964207,5.858697108924389
2015-03-08 05:00:00,9.334892094135284,9.45599039644003
2015-03-08 06:00:00,11.042949378490448,7.953533247113228
2015-03-08 07:00:00,11.966797202825546,14.479225307703018
2015-03-08 08:00:00,11.888648688793182,11.282665982842445
2015-03-08 09:00:00,10.255219116806984,10.18806329369545
2015-03-08 10:00:00,9.013086169958115,7.393212452530861
2015-03-08 11:00:00,8.83052271604538,7.973662406206131
2015-03-08 12:00:00,9.157290413975716,10.097552224993706
2015-03-08 13:00:00,9.294484257698059,9.517452657222748
2015-03-08 14:00:00,9.430914863944054,8.53726914525032
2015-03-08 15:00:00,10.758564829826355,9.140950337052345
2015-03-08 16:00:00,12.997067615389824,13.20376817882061
2015-03-08 17:00:00,14.520065382122993,13.9533172249794
2015-03-08 18:00:00,14.813309207558632,14.640518240630627
2015-03-08 19:00:00,13.802519634366035,14.697735384106636
2015-03-08 20:00:00,11.935911506414413,12.605962604284286
2015-03-08 21:00:00,9.914207935333252,12.077890925109386
2015-03-08 22:00:00,8.35028626024723,8.158156409859657
2015-03-08 23:00:00,7.096619725227356,6.323608681559563
2015-03-09 00:00:00,6.410014249384403,7.408023476600647
2015-03-09 01:00:00,6.031566776335239,8.061471708118916
2015-03-09 02:00:00,6.155066899955273,8.889411143958569
2015-03-09 03:00:00,5.806427497416735,7.883142061531544
2015-03-09 04:00:00,6.064512975513935,6.116177290678024
2015-03-09 05:00:00,8.630520809441805,8.821802474558353
2015-03-09 06:00:00,10.01233571022749,8.249097064137459
2015-03-09 07:00:00,11.805911436676979,11.059751704335213
2015-03-09 08:00:00,12.80582432448864,14.011554792523384
2015-03-09 09:00:00,11.76930856704712,13.132963418960571
2015-03-09 10:00:00,10.507309585809708,11.18676732480526
2015-03-09 11:00:00,10.732043221592903,12.19344599545002
2015-03-09 12:00:00,11.384856298565865,9.277952805161476
2015-03-09 13:00:00,11.298480227589607,8.836470171809196
2015-03-09 14:00:00,10.55888919532299,10.22999157011509
2015-03-09 15:00:00,10.947085902094841,10.687330543994904
2015-03-09 16:00:00,13.349007815122604,11.854623168706894
2015-03-09 17:00:00,15.123974904417992,13.541061252355576
2015-03-09 18:00:00,15.247188210487366,17.480061762034893
2015-03-09 19:00:00,14.392128676176071,14.28814247250557
2015-03-09 20:00:00,12.510700434446335,12.60082583874464
2015-03-09 21:00:00,10.53324668109417,10.80348950624466
2015-03-09 22:00:00,8.570986047387123,8.856111541390419
2015-03-09 23:00:00,7.144179314374924,7.399650454521179
2015-03-10 00:00:00,6.156562641263008,8.75951012223959
2015-03-10 01:00:00,5.630889415740967,10.106490194797516
2015-03-10 02:00:00,6.143555670976639,6.222725175321102
2015-03-10 03:00:00,5.747429236769676,5.319266863167286
2015-03-10 04:00:00,5.943443268537521,6.64227694272995
2015-03-10 05:00:00,8.323287636041641,8.536317437887192
2015-03-10 06:00:00,10.175162672996521,7.531034231185913
2015-03-10 07:00:00,11.455288857221603,11.657089874148369
2015-03-10 08:00:00,11.681747034192085,13.869974106550217
2015-03-10 09:00:00,10.531322628259659,12.581525653600693
2015-03-10 10:00:00,9.803835421800613,12.086864784359932
2015-03-10 11:00:00,10.187452852725983,11.796618074178696
2015-03-10 12:00:00,10.72446259856224,11.63251407444477
2015-03-10 13:00:00,10.7461579144001,14.583599396049976
2015-03-10 14:00:00,10.27384614944458,11.338084109127522
2015-03-10 15:00:00,11.423681885004044,11.034112371504307
2015-03-10 16:00:00,13.93915742635727,9.50088019669056
2015-03-10 17:00:00,15.531612977385521,15.309587240219116
2015-03-10 18:00:00,15.204887643456459,15.478909060359001
2015-03-10 19:00:00,14.166650608181953,16.82548602670431
2015-03-10 20:00:00,12.482392743229866,13.834565848112106
2015-03-10 21:00:00,10.415278866887093,12.75817372649908
2015-03-10 22:00:00,8.087528556585312,10.259810820221901
2015-03-10 23:00:00,6.537791088223457,6.9744053184986115
2015-03-11 00:00:00,5.642242666333914,6.520453929901122
2015-03-11 01:00:00,5.03046490252018,5.623697780072689
2015-03-11 02:00:00,5.391192406415939,5.631297945976257
2015-03-11 03:00:00,5.238182194530964,5.140226170420647
2015-03-11 04:00:00,5.524109743535519,6.359052591025829
2015-03-11 05:00:00,7.899352930486202,8.243300400674343
2015-03-11 06:00:00,9.70556190609932,8.75969672203064
2015-03-11 07:00:00,11.084253400564194,15.621215716004372
2015-03-11 08:00:00,11.827954590320587,13.605887651443481
2015-03-11 09:00:00,10.373400270938873,18.957423865795135
2015-03-11 10:00:00,8.88096784800291,9.289048701524734
2015-03-11 11:00:00,8.964251905679703,8.41264395415783
2015-03-11 12:00:00,9.947510197758675,11.452692583203316
2015-03-11 13:00:00,10.224201560020447,10.324134722352028
2015-03-11 14:00:00,9.879005447030067,7.931529328227043
2015-03-11 15:00:00,11.297009408473969,9.607644274830818
2015-03-11 16:00:00,14.392556697130203,11.962406620383263
2015-03-11 17:00:00,16.058520555496216,15.55771666765213
2015-03-11 18:00:00,15.83634938299656,19.901886329054832
2015-03-11 19:00:00,14.227776303887367,17.625166594982147
2015-03-11 20:00:00,12.552866756916046,13.940328985452652
2015-03-11 21:00:00,10.654813021421432,12.74919107556343
2015-03-11 22:00:00,8.602141663432121,9.346134081482887
2015-03-11 23:00:00,6.817002836614847,6.595287993550301
2015-03-12 00:00:00,5.574601918458939,6.475778967142105
2015-03-12 01:00:00,5.181642919778824,6.594969570636749
2015-03-12 02:00:00,5.462306916713715,6.102957978844643
2015-03-12 03:00:00,5.30804742872715,5.683377534151077
2015-03-12 04:00:00,5.668725274503231,5.496070966124535
2015-03-12 05:00:00,8.46129697561264,9.514845386147499
2015-03-12 06:00:00,10.618466340005398,9.759175449609756
2015-03-12 07:00:00,12.234845489263535,11.476890683174133
2015-03-12 08:00:00,12.27775490283966,12.144692093133926
2015-03-12 09:00:00,10.58882361650467,10.79827831685543
2015-03-12 10:00:00,9.17981892824173,10.610465720295906
2015-03-12 11:00:00,8.832649827003479,9.219485938549042
2015-03-12 12:00:00,8.85537639260292,8.215138778090477
2015-03-12 13:00:00,8.786990538239479,10.714651323854923
2015-03-12 14:00:00,8.513623282313347,8.460883811116219
2015-03-12 15:00:00,9.884260833263397,9.905971273779869
2015-03-12 16:00:00,12.649340435862541,14.50982454419136
2015-03-12 17:00:00,14.558570474386215,18.796788796782494
2015-03-12 18:00:00,14.827735766768456,16.880445815622807
2015-03-12 19:00:00,13.476308703422546,17.315404683351517
2015-03-12 20:00:00,11.788322523236275,14.010245375335217
2015-03-12 21:00:00,10.083898678421974,10.886863842606544
2015-03-12 22:00:00,8.280995547771454,11.281835526227951
2015-03-12 23:00:00,6.7880339697003365,7.692113846540451
2015-03-13 00:00:00,5.761691547930241,6.390354186296463
2015-03-13 01:00:00,5.69777275621891,6.114674746990204
2015-03-13 02:00:00,5.803895071148872,7.92745578289032
2015-03-13 03:00:00,5.53268863260746,5.947854973375797
2015-03-13 04:00:00,6.176534816622734,6.405206888914108
2015-03-13 05:00:00,8.195853218436241,8.356295384466648
2015-03-13 06:00:00,9.701415333896875,10.036961384117603
2015-03-13 07:00:00,12.148046657443047,11.0086679905653
2015-03-13 08:00:00,13.316910952329636,15.998857021331787
2015-03-13 09:00:00,11.572237327694893,12.367477610707283
2015-03-13 10:00:00,9.976481482386589,8.66820701956749
2015-03-13 11:00:00,9.878824546933174,8.326916262507439
2015-03-13 12:00:00,10.266026556491852,13.932145714759827
2015-03-13 13:00:00,10.213793724775314,11.121896892786026
2015-03-13 14:00:00,9.891205042600632,14.155643954873085
2015-03-13 15:00:00,11.184729039669037,11.444225795567036
2015-03-13 16:00:00,13.707221299409866,16.79192667454481
2015-03-13 17:00:00,15.567609637975693,18.843368619680405
2015-03-13 18:00:00,15.63965718448162,20.45209565013647
2015-03-13 19:00:00,13.545247361063957,12.792247906327248
2015-03-13 20:00:00,11.413634121418,11.793343849480152
2015-03-13 21:00:00,9.757796987891197,10.408769696950912
2015-03-13 22:00:00,8.174264341592789,8.928231939673424
2015-03-13 23:00:00,6.789820052683353,6.7865027487277985
2015-03-14 00:00:00,6.942226365208626,5.98757442086935
2015-03-14 01:00:00,6.720833510160446,4.805418640375137
2015-03-14 02:00:00,6.531160123646259,6.168724164366722
2015-03-14 03:00:00,5.922138251364231,5.439650230109692
2015-03-14 04:00:00,6.672059118747711,5.748362347483635
2015-03-14 05:00:00,8.997177764773369,7.8366213366389275
2015-03-14 06:00:00,10.344978258013725,10.611175887286661
2015-03-14 07:00:00,11.658061012625694,11.111544400453568
2015-03-14 08:00:00,12.321403920650482,15.614158868789673
2015-03-14 09:00:00,10.776073336601257,12.807958237826824
2015-03-14 10:00:00,9.232580229640007,10.218682989478111
2015-03-14 11:00:00,9.121174022555351,7.961214303970337
2015-03-14 12:00:00,9.4711704403162,8.291777551174164
2015-03-14 13:00:00,9.253542847931385,9.31362247467041
2015-03-14 14:00:00,9.031861662864685,9.15925344824791
2015-03-14 15:00:00,9.388571165502071,9.196298375725746
2015-03-14 16:00:00,11.548987239599228,10.514488086104393
2015-03-14 17:00:00,13.740305736660957,15.527883887290955
2015-03-14 18:00:00,14.925840616226196,15.156387254595757
2015-03-14 19:00:00,14.012068092823029,17.367710724473
2015-03-14 20:00:00,12.102572038769722,12.160896807909012
2015-03-14 21:00:00,10.731656402349472,10.264410458505154
2015-03-14 22:00:00,9.34145438671112,8.395344622433186
2015-03-14 23:00:00,8.003654301166534,6.355937898159027
2015-03-15 00:00:00,6.212062180042267,5.651291616261005
2015-03-15 01:00:00,6.076798342168331,5.531662635505199
2015-03-15 02:00:00,6.04500775039196,5.788027875125408
2015-03-15 03:00:00,5.471129417419434,5.479647070169449
2015-03-15 04:00:00,7.1183579340577126,6.670890636742115
2015-03-15 05:00:00,8.993358679115772,9.921776033937931
2015-03-15 06:00:00,10.179850995540619,10.400551930069923
2015-03-15 07:00:00,11.755411550402641,10.20952932536602
2015-03-15 08:00:00,12.87295714020729,17.535078555345535
2015-03-15 09:00:00,11.14572486281395,11.765255972743034
2015-03-15 10:00:00,9.434900745749474,9.823163986206055
2015-03-15 11:00:00,9.634877860546112,7.309589870274067
2015-03-15 12:00:00,10.19292962551117,8.877148866653442
2015-03-15 13:00:00,9.733998522162437,8.530335158109665
2015-03-15 14:00:00,9.46222086250782,6.38921494781971
2015-03-15 15:00:00,10.849384278059006,8.581462532281876
2015-03-15 16:00:00,13.267353594303131,10.318037793040276
2015-03-15 17:00:00,15.158835589885712,15.199568420648575
2015-03-15 18:00:00,16.20025274157524,20.146065458655357
2015-03-15 19:00:00,14.919740945100784,18.05116505175829
2015-03-15 20:00:00,12.600287348031998,15.36369176954031
2015-03-15 21:00:00,10.428974658250809,13.2232066988945
2015-03-15 22:00:00,8.7434601187706,10.441400550305843
2015-03-15 23:00:00,7.469522342085838,7.403877459466457
2015-03-16 00:00:00,6.03067284822464,5.512001551687717
2015-03-16 01:00:00,5.763764753937721,5.721468098461628
2015-03-16 02:00:00,5.770397797226906,7.513750322163105
2015-03-16 03:00:00,5.468610465526581,6.613621219992638
2015-03-16 04:00:00,6.830096244812012,5.929357796907425
2015-03-16 05:00:00,8.945665456354618,8.063016168773174
2015-03-16 06:00:00,10.3467408567667,8.550431616604328
2015-03-16 07:00:00,12.467394426465034,10.838046863675117
2015-03-16 08:00:00,13.431865721940994,18.57852552831173
2015-03-16 09:00:00,12.156412184238434,14.208628125488758
2015-03-16 10:00:00,11.036348834633827,12.084789782762527
2015-03-16 11:00:00,11.31412822008133,11.61578968167305
2015-03-16 12:00:00,11.639765202999115,11.388016149401665
2015-03-16 13:00:00,11.470878317952156,11.870529875159264
2015-03-16 14:00:00,10.890747532248497,10.58340223133564
2015-03-16 15:00:00,11.714117854833603,15.827765196561813
2015-03-16 16:00:00,14.205060988664627,13.125030651688576
2015-03-16 17:00:00,16.135365456342697,12.788531363010406
2015-03-16 18:00:00,16.290860757231712,20.278790041804314
2015-03-16 19:00:00,15.127032175660133,16.54381985962391
2015-03-16 20:00:00,13.094987839460373,14.599710024893284
2015-03-16 21:00:00,10.84215535223484,10.75483663380146
2015-03-16 22:00:00,8.51183696091175,10.11674278974533
2015-03-16 23:00:00,7.30876961350441,9.737085923552513
2015-03-17 00:00:00,8.277682833373547,5.770457312464714
2015-03-17 01:00:00,8.308403447270393,5.399970732629299
2015-03-17 02:00:00,8.559819281101227,6.008985765278339
2015-03-17 03:00:00,7.935061380267143,5.0324881747365
2015-03-17 04:00:00,8.010762810707092,5.225480996072292
2015-03-17 05:00:00,8.789229892194271,8.458344012498856
2015-03-17 06:00:00,10.75311355292797,12.097873665392399
2015-03-17 07:00:00,13.462101876735687,11.232907474040985
2015-03-17 08:00:00,15.091754764318466,9.795629560947418
2015-03-17 09:00:00,14.16108013689518,11.995298385620117
2015-03-17 10:00:00,12.07803925871849,8.676279053092003
2015-03-17 11:00:00,10.5025814473629,8.07590888440609
2015-03-17 12:00:00,9.739428639411926,6.580311641097069
2015-03-17 13:00:00,8.734473526477814,8.881975710391998
2015-03-17 14:00:00,8.186133414506912,10.22767485678196
2015-03-17 15:00:00,8.610010460019112,8.675276979804039
2015-03-17 16:00:00,10.271592631936073,10.917937472462654
2015-03-17 17:00:00,11.203861206769943,10.913995780050755
2015-03-17 18:00:00,11.674149736762047,14.930586218833923
2015-03-17 19:00:00,11.982477247714996,13.674493089318275
2015-03-17 20:00:00,11.140071466565132,10.136354342103004
2015-03-17 21:00:00,10.325322479009628,10.484271705150604
2015-03-17 22:00:00,9.521938279271126,8.894357845187187
2015-03-17 23:00:00,8.633351445198059,6.85010976344347
2015-03-18 00:00:00,5.554250493645668,5.042555846273898
2015-03-18 01:00:00,5.350305020809174,5.685659438371658
2015-03-18 02:00:00,5.607773989439011,5.8777662217617035
2015-03-18 03:00:00,5.222329139709473,6.074060827493668
2015-03-18 04:00:00,5.89917916059494,5.3992636278271675
2015-03-18 05:00:00,8.336142726242542,5.194473087787628
2015-03-18 06:00:00,9.354703396558762,9.678161703050137
2015-03-18 07:00:00,10.144237399101257,13.091516673564911
2015-03-18 08:00:00,10.883275151252747,14.002446368336678
2015-03-18 09:00:00,9.825643360614777,12.233113169670105
2015-03-18 10:00:00,8.572516024112701,11.116545408964157
2015-03-18 11:00:00,8.033970355987549,10.676474168896675
2015-03-18 12:00:00,8.570585191249847,10.766067698597908
2015-03-18 13:00:00,8.697773233056068,9.74080003798008
2015-03-18 14:00:00,8.954731687903404,8.084781259298325
2015-03-18 15:00:00,10.14209321141243,8.881231233477592
2015-03-18 16:00:00,12.591157078742981,10.234273791313171
2015-03-18 17:00:00,14.809590339660645,10.069872483611107
2015-03-18 18:00:00,15.379511296749115,11.501406505703926
2015-03-18 19:00:00,13.778394132852554,13.465432599186897
2015-03-18 20:00:00,11.691180720925331,12.426156274974346
2015-03-18 21:00:00,9.852879166603088,8.756856516003609
2015-03-18 22:00:00,8.072953179478645,8.627410531044006
2015-03-18 23:00:00,6.678631231188774,6.340833030641079
2015-03-19 00:00:00,5.510860398411751,5.308288857340813
2015-03-19 01:00:00,5.345785699784755,5.090553402900696
2015-03-19 02:00:00,5.9019390270113945,5.693665862083435
2015-03-19 03:00:00,5.491100497543812,6.029243104159832
2015-03-19 04:00:00,6.03481312841177,5.856322303414345
2015-03-19 05:00:00,8.730353750288486,5.179393261671066
2015-03-19 06:00:00,10.359802469611168,11.372352257370949
2015-03-19 07:00:00,12.114257410168648,11.79040153324604
2015-03-19 08:00:00,13.259806767106056,12.077375754714012
2015-03-19 09:00:00,11.292777001857758,8.826404824852943
2015-03-19 10:00:00,9.432574436068535,9.353353410959244
2015-03-19 11:00:00,9.212817624211311,9.980331383645535
2015-03-19 12:00:00,9.56113401055336,9.722753927111626
2015-03-19 13:00:00,9.428576618432999,6.115666754543781
2015-03-19 14:00:00,9.185862258076668,6.900813728570938
2015-03-19 15:00:00,10.177271038293839,7.387260809540749
2015-03-19 16:00:00,12.251645341515541,8.455428510904312
2015-03-19 17:00:00,13.737074390053749,10.060857594013214
2015-03-19 18:00:00,14.362045720219612,12.184344857931137
2015-03-19 19:00:00,13.138389810919762,15.998434782028198
2015-03-19 20:00:00,11.257699385285378,13.914722733199596
2015-03-19 21:00:00,9.339982882142067,9.860604293644428
2015-03-19 22:00:00,7.962518930435181,8.249064549803734
2015-03-19 23:00:00,6.943405449390411,5.886693529784679
2015-03-20 00:00:00,6.100657030940056,5.184383109211922
2015-03-20 01:00:00,5.709306754171847,5.320520579814911
2015-03-20 02:00:00,5.924709513783455,5.657990887761116
2015-03-20 03:00:00,5.462692447006702,5.308410942554474
2015-03-20 04:00:00,5.288056470453739,4.368692696094512
2015-03-20 05:00:00,7.847504079341888,5.915813557803631
2015-03-20 06:00:00,9.520525604486465,11.95121754705906
2015-03-20 07:00:00,11.50897017121315,11.305011823773384
2015-03-20 08:00:00,12.671420186758041,17.679057776927948
2015-03-20 09:00:00,11.789680764079094,11.441203460097313
2015-03-20 10:00:00,10.80662813782692,10.785993695259094
2015-03-20 11:00:00,11.211933046579361,13.34659132361412
2015-03-20 12:00:00,12.00791785120964,10.609403729438782
2015-03-20 13:00:00,11.85649636387825,14.56246067583561
2015-03-20 14:00:00,10.794244408607483,12.154311448335648
2015-03-20 15:00:00,11.327403143048286,9.559968411922455
2015-03-20 16:00:00,13.96105831861496,9.38416701555252
2015-03-20 17:00:00,15.898712903261185,11.269988894462585
2015-03-20 18:00:00,15.60851177573204,15.115458458662033
2015-03-20 19:00:00,14.340550124645233,12.205494299530983
2015-03-20 20:00:00,12.198281824588776,12.849009066820145
2015-03-20 21:00:00,10.485990777611732,10.820724457502365
2015-03-20 22:00:00,8.575055599212646,8.240373209118843
2015-03-20 23:00:00,7.019037649035454,7.020898170769215
2015-03-21 00:00:00,7.2702643275260925,5.050036333501339
2015-03-21 01:00:00,7.057198792695999,5.890205778181553
2015-03-21 02:00:00,6.756448358297348,5.147222951054573
2015-03-21 03:00:00,5.769763067364693,4.433473527431488
2015-03-21 04:00:00,7.0749365240335464,4.664134882390499
2015-03-21 05:00:00,8.385886490345001,4.612664200365543
2015-03-21 06:00:00,9.003732852637768,10.082537487149239
2015-03-21 07:00:00,11.123639062047005,9.092015996575356
2015-03-21 08:00:00,12.368179962038994,12.06825016438961
2015-03-21 09:00:00,11.367858454585075,11.360683739185333
2015-03-21 10:00:00,10.771616399288177,9.354374676942825
2015-03-21 11:00:00,11.50292643904686,9.5003811866045
2015-03-21 12:00:00,12.743768870830536,13.135240398347378
2015-03-21 13:00:00,12.440942466259003,9.739688247442245
2015-03-21 14:00:00,10.96174481511116,10.067540064454079
2015-03-21 15:00:00,11.157815337181091,8.514793202280998
2015-03-21 16:00:00,13.290678068995476,14.573526307940483
2015-03-21 17:00:00,14.9545489102602,15.15750601887703
2015-03-21 18:00:00,14.724013566970825,11.68812681734562
2015-03-21 19:00:00,14.08670361340046,10.840610444545746
2015-03-21 20:00:00,12.682152822613716,10.94979552924633
2015-03-21 21:00:00,10.786785647273064,11.058052062988281
2015-03-21 22:00:00,8.198850307613611,10.506380394101143
2015-03-21 23:00:00,7.059338092803955,6.844451479613781
2015-03-28 00:00:00,5.456113040447235,5.542921602725983
2015-03-28 01:00:00,5.034272640943527,5.142877988517284
2015-03-28 02:00:00,5.136526457965374,5.581384941935539
2015-03-28 03:00:00,4.948560383170843,4.740118473768234
2015-03-28 04:00:00,6.036059200763702,4.689675033092499
2015-03-28 05:00:00,7.970384448766708,4.990992002189159
2015-03-28 06:00:00,9.297644451260567,11.146503299474716
2015-03-28 07:00:00,11.454141274094582,10.414824470877647
2015-03-28 08:00:00,12.346229791641235,8.806057423353195
2015-03-28 09:00:00,10.551111221313477,9.7981558740139
2015-03-28 10:00:00,9.320432260632515,9.889619544148445
2015-03-28 11:00:00,9.627294525504112,8.553282618522644
2015-03-28 12:00:00,10.862242475152016,12.385465458035469
2015-03-28 13:00:00,10.80653989315033,9.81665214896202
2015-03-28 14:00:00,9.858108103275299,12.150160893797874
2015-03-28 15:00:00,11.14163362979889,9.898070871829987
2015-03-28 16:00:00,14.009908229112625,10.539545327425003
2015-03-28 17:00:00,15.60197326540947,11.640158012509346
2015-03-28 18:00:00,15.515271291136742,15.175518691539764
2015-03-28 19:00:00,14.041248053312302,7.646031528711319
2015-03-28 20:00:00,12.345695778727531,9.317396074533463
2015-03-28 21:00:00,10.447142601013184,11.688368156552315
2015-03-28 22:00:00,8.362374171614647,9.24781258404255
2015-03-28 23:00:00,6.61751389503479,6.43746954202652
2015-04-10 00:00:00,5.688822612166405,5.288230672478676
2015-04-10 01:00:00,5.84079897403717,6.085606552660465
2015-04-10 02:00:00,5.983161598443985,7.206231787800788
2015-04-10 03:00:00,5.464537471532822,5.591279581189155
2015-04-10 04:00:00,6.150234617292881,5.39998696744442
2015-04-10 05:00:00,8.589773625135422,5.8691123723983765
2015-04-10 06:00:00,9.90461377799511,10.932977765798569
2015-04-10 07:00:00,10.86635172367096,11.74390783905983
2015-04-10 08:00:00,10.316815316677094,14.160408288240433
2015-04-10 09:00:00,8.968502014875412,9.330072656273842
2015-04-10 10:00:00,8.183566808700562,10.174441814422607
2015-04-10 11:00:00,8.15200363099575,10.217037543654442
2015-04-10 12:00:00,8.14914059638977,10.966536477208138
2015-04-10 13:00:00,8.210101291537285,9.795456796884537
2015-04-10 14:00:00,8.171455353498459,8.162859842181206
2015-04-10 15:00:00,9.62974737584591,8.294554263353348
2015-04-10 16:00:00,11.845829457044601,11.275334373116493
2015-04-10 17:00:00,13.370278418064117,10.111673831939697
2015-04-10 18:00:00,13.380216985940933,12.405063733458519
2015-04-10 19:00:00,12.381596192717552,9.572837173938751
2015-04-10 20:00:00,11.137423723936081,12.397870853543282
2015-04-10 21:00:00,9.549147814512253,13.041089966893196
2015-04-10 22:00:00,7.626821830868721,7.43943178653717
2015-04-10 23:00:00,6.372567776590586,5.424141421914101
2015-04-11 00:00:00,5.426762700080872,5.391535103321075
2015-04-11 01:00:00,5.145084083080292,5.222938716411591
2015-04-11 02:00:00,5.570052273571491,6.472873270511627
2015-04-11 03:00:00,5.487842947244643,5.51689276099205
2015-04-11 04:00:00,5.541593790054321,4.855671897530556
2015-04-11 05:00:00,8.219624936580658,4.7307968735694885
2015-04-11 06:00:00,10.07433220744133,10.02102155983448
2015-04-11 07:00:00,11.558840036392212,8.575913965702057
2015-04-11 08:00:00,12.18345195055008,10.158228397369385
2015-04-11 09:00:00,11.208587795495987,12.161516934633255
2015-04-11 10:00:00,9.964916676282883,9.617416217923164
2015-04-11 11:00:00,9.514066100120544,12.204776927828789
2015-04-11 12:00:00,9.659157879650593,14.598554536700249
2015-04-11 13:00:00,9.573366954922676,10.251175284385681
2015-04-11 14:00:00,9.302214935421944,10.084367960691452
2015-04-11 15:00:00,10.49494706094265,7.794673882424831
2015-04-11 16:00:00,12.792807132005692,8.66144198179245
2015-04-11 17:00:00,14.711060777306557,10.748927474021912
2015-04-11 18:00:00,15.04212312400341,12.349995374679565
2015-04-11 19:00:00,13.653020218014717,17.643673211336136
2015-04-11 20:00:00,11.691680759191513,10.482243210077286
2015-04-11 21:00:00,9.690444812178612,10.53542348742485
2015-04-11 22:00:00,7.944771155714989,9.243120715022087
2015-04-11 23:00:00,6.580475755035877,7.44531287252903
2015-04-12 00:00:00,5.619035214185715,6.187272414565086
2015-04-12 01:00:00,5.378927677869797,5.791482001543045
2015-04-12 02:00:00,5.4716115817427635,7.26385934650898
2015-04-12 03:00:00,5.115196980535984,5.122127547860146
2015-04-12 04:00:00,5.5477354899048805,4.536986812949181
2015-04-12 05:00:00,7.8958088755607605,5.03355148434639
2015-04-12 06:00:00,9.303058177232742,10.896067902445793
2015-04-12 07:00:00,10.186279758810997,11.849837332963943
2015-04-12 08:00:00,10.823765680193901,12.448480561375618
2015-04-12 09:00:00,10.069715440273285,13.271991312503815
2015-04-12 10:00:00,8.79821628332138,14.682200625538826
2015-04-12 11:00:00,8.251646474003792,11.305680394172668
2015-04-12 12:00:00,8.521708995103836,13.193802446126938
2015-04-12 13:00:00,8.563813522458076,10.210023298859596
2015-04-12 14:00:00,8.855026543140411,10.425347805023193
2015-04-12 15:00:00,10.298366844654083,9.448029547929764
2015-04-12 16:00:00,12.631605118513107,10.748795285820961
2015-04-12 17:00:00,14.415266200900078,11.94075322151184
2015-04-12 18:00:00,14.910137549042702,13.356481403112411
2015-04-12 19:00:00,13.76188637316227,11.542384386062622
2015-04-12 20:00:00,11.86458833515644,12.973533436655998
2015-04-12 21:00:00,10.030936017632484,9.616191372275352
2015-04-12 22:00:00,8.26713341474533,7.8043407797813416
2015-04-12 23:00:00,6.7255652248859406,6.236435279250145
2015-04-13 00:00:00,5.635751366615295,5.797404438257217
2015-04-13 01:00:00,5.151719301939011,5.428111687302589
2015-04-13 02:00:00,5.5585528165102005,6.03037203848362
2015-04-13 03:00:00,5.328284412622452,5.390531696379185
2015-04-13 04:00:00,5.8557473942637435,4.9985832795500755
2015-04-13 05:00:00,8.651687890291214,5.185109920799732
2015-04-13 06:00:00,10.125959381461143,9.85106948018074
2015-04-13 07:00:00,11.134384274482727,12.864379808306694
2015-04-13 08:00:00,12.46009173989296,11.580065503716469
2015-04-13 09:00:00,10.769393503665924,9.234876990318298
2015-04-13 10:00:00,8.673399582505226,11.20263896137476
2015-04-13 11:00:00,8.342835046350956,11.581461325287819
2015-04-13 12:00:00,9.309414386749268,12.10895749926567
2015-04-13 13:00:00,9.580298706889153,11.395842209458351
2015-04-13 14:00:00,9.625656887888908,9.005526445806026
2015-04-13 15:00:00,10.325229972600937,11.077720023691654
2015-04-13 16:00:00,12.25681358575821,11.641927249729633
2015-04-13 17:00:00,13.706006035208702,9.75410982221365
2015-04-13 18:00:00,14.466677755117416,9.988740757107735
2015-04-13 19:00:00,13.731926426291466,13.06090247631073
2015-04-13 20:00:00,11.708246111869812,12.461082212626934
2015-04-13 21:00:00,9.803518399596214,11.246194817125797
2015-04-13 22:00:00,8.367358952760696,8.36210149526596
2015-04-13 23:00:00,7.217358857393265,6.268497556447983
2015-04-14 00:00:00,5.737462878227234,6.069529041647911
2015-04-14 01:00:00,5.3825526386499405,4.73940797150135
2015-04-14 02:00:00,5.57685013115406,6.7367026656866065
2015-04-14 03:00:00,5.34430817514658,5.088349215686321
2015-04-14 04:00:00,5.301826812326908,5.248266465961933
2015-04-14 05:00:00,7.759532734751701,4.873518750071526
2015-04-14 06:00:00,9.745864540338516,9.47471372783184
2015-04-14 07:00:00,11.707250252366066,8.956244006752968
2015-04-14 08:00:00,12.879655659198761,11.151365898549557
2015-04-14 09:00:00,12.054940819740295,10.341706223785877
2015-04-14 10:00:00,10.72890117764473,9.554289303719997
2015-04-14 11:00:00,10.634540125727654,10.781384326517582
2015-04-14 12:00:00,11.264549806714058,11.955338843166828
2015-04-14 13:00:00,11.311429262161255,9.677971869707108
2015-04-14 14:00:00,10.84103538095951,10.080149851739407
2015-04-14 15:00:00,11.248555600643158,8.644201830029488
2015-04-14 16:00:00,13.307543337345123,11.141865029931068
2015-04-14 17:00:00,14.801292642951012,11.600430086255074
2015-04-14 18:00:00,14.956337556242943,12.099540002644062
2015-04-14 19:00:00,14.040306359529495,13.390051379799843
2015-04-14 20:00:00,12.030477195978165,9.302587777376175
2015-04-14 21:00:00,10.024288460612297,9.373522192239761
2015-04-14 22:00:00,8.3915776014328,8.894477978348732
2015-04-14 23:00:00,6.9427246153354645,5.9991510435938835
2015-04-15 00:00:00,5.83309231698513,4.650633320212364
2015-04-15 01:00:00,5.348301932215691,4.353953070938587
2015-04-15 02:00:00,5.550662480294704,4.508771128952503
2015-04-15 03:00:00,5.004987463355064,5.862867586314677
2015-04-15 04:00:00,5.085549257695675,5.664755813777447
2015-04-15 05:00:00,7.492570489645004,4.734081692993641
2015-04-15 06:00:00,9.115145236253738,10.792016051709652
2015-04-15 07:00:00,10.368110656738281,7.751720175147057
2015-04-15 08:00:00,10.801908612251282,10.435972973704338
2015-04-15 09:00:00,10.64673900604248,9.454253494739532
2015-04-15 10:00:00,10.508940279483795,10.888574227690697
2015-04-15 11:00:00,10.903772950172424,11.31129863858223
2015-04-15 12:00:00,11.24601462483406,13.287667997181416
2015-04-15 13:00:00,10.983532145619392,12.555749952793121
2015-04-15 14:00:00,10.267642050981522,9.691688261926174
2015-04-15 15:00:00,11.120482504367828,8.323791295289993
2015-04-15 16:00:00,13.198728263378143,10.782064288854599
2015-04-15 17:00:00,14.447646886110306,11.78447175770998
2015-04-15 18:00:00,14.03274880349636,12.071424439549446
2015-04-15 19:00:00,13.196240097284317,8.727221749722958
2015-04-15 20:00:00,11.623930811882019,12.884500116109848
2015-04-15 21:00:00,9.934013530611992,10.180774606764317
2015-04-15 22:00:00,7.928597971796989,8.083028391003609
2015-04-15 23:00:00,6.415114317089319,5.522364474833012
2015-04-16 00:00:00,3.2267379611730576,3.844873830676079
2015-04-16 01:00:00,3.2724461629986763,4.108085140585899
2015-04-16 02:00:00,3.6825848147273064,3.7459257692098618
2015-04-16 03:00:00,3.203779458999634,4.18855956196785
2015-04-16 04:00:00,3.2391102351248264,3.8249217569828033
2015-04-16 05:00:00,5.368077449500561,3.261264495551586
2015-04-16 06:00:00,6.457211457192898,6.850877590477467
2015-04-16 07:00:00,6.560374811291695,6.0668438374996185
2015-04-16 08:00:00,6.093784287571907,5.323160544037819
2015-04-16 09:00:00,5.898838400840759,9.165710970759392
2015-04-16 10:00:00,5.965775579214096,7.415862172842026
2015-04-16 11:00:00,6.0230099856853485,7.538685709238052
2015-04-16 12:00:00,5.979852080345154,7.430312916636467
2015-04-16 13:00:00,5.737277805805206,7.017033100128174
2015-04-16 14:00:00,5.314586773514748,5.3249775022268295
2015-04-16 15:00:00,6.293103292584419,5.557904168963432
2015-04-16 16:00:00,8.054284811019897,6.398730084300041
2015-04-16 17:00:00,8.67780216038227,7.359652683138847
2015-04-16 18:00:00,8.446943536400795,9.768580436706543
2015-04-16 19:00:00,7.825826868414879,8.353218212723732
2015-04-16 20:00:00,7.123565062880516,7.892713844776154
2015-04-16 21:00:00,6.170910328626633,6.2868997901678085
2015-04-16 22:00:00,4.772117525339127,5.0387663915753365
2015-04-16 23:00:00,3.7595662772655483,4.050718955695629
2015-04-17 00:00:00,3.5036359429359436,3.8710071220993996
2015-04-17 01:00:00,3.5115787908434863,3.491873525083065
2015-04-17 02:00:00,3.839961990714073,4.019196942448616
2015-04-17 03:00:00,3.492941737174988,3.297987774014473
2015-04-17 04:00:00,3.384859122335911,2.685277186334133
2015-04-17 05:00:00,5.879324063658714,3.226246230304241
2015-04-17 06:00:00,7.037062793970108,7.482915446162224
2015-04-17 07:00:00,6.745768338441849,6.5848708152771
2015-04-17 08:00:00,5.892379805445671,7.056550547480583
2015-04-17 09:00:00,5.17409074306488,6.717427909374237
2015-04-17 10:00:00,4.819468751549721,7.5241938680410385
2015-04-17 11:00:00,4.772421911358833,8.953069686889648
2015-04-17 12:00:00,4.77935878932476,6.159773111343384
2015-04-17 13:00:00,4.859125509858131,5.222350835800171
2015-04-17 14:00:00,4.78292889893055,5.086111932992935
2015-04-17 15:00:00,5.968621030449867,5.327205851674079
2015-04-17 16:00:00,7.934912174940109,6.110779792070389
2015-04-17 17:00:00,9.302403405308723,6.123209729790688
2015-04-17 18:00:00,9.209152728319168,5.947641476988792
2015-04-17 19:00:00,8.36931897699833,6.622321203351021
2015-04-17 20:00:00,7.388959184288979,6.004693046212196
2015-04-17 21:00:00,6.386470705270767,5.5351130068302155
2015-04-17 22:00:00,4.934588447213173,5.0552398562431335
2015-04-17 23:00:00,3.9157332330942154,3.574373997747898
2015-04-18 00:00:00,3.2607276290655136,3.5406467244029045
2015-04-18 01:00:00,3.1254377514123917,2.611560456454754
2015-04-18 02:00:00,3.6600624322891235,3.310533255338669
2015-04-18 03:00:00,3.607355922460556,3.653094917535782
2015-04-18 04:00:00,3.454057887196541,3.844856835901737
2015-04-18 05:00:00,5.458756700158119,3.3051762729883194
2015-04-18 06:00:00,6.783498793840408,6.585275158286095
2015-04-18 07:00:00,7.267721027135849,8.256859377026558
2015-04-18 08:00:00,7.11928953230381,6.653387412428856
2015-04-18 09:00:00,6.467117071151733,5.656255707144737
2015-04-18 10:00:00,5.838308855891228,6.212097659707069
2015-04-18 11:00:00,5.267556712031364,5.4168679267168045
2015-04-18 12:00:00,5.222555868327618,6.14192333817482
2015-04-18 13:00:00,5.323022693395615,6.214540660381315
2015-04-18 14:00:00,5.169961050152779,7.795201286673546
2015-04-18 15:00:00,5.962877810001373,7.987747982144356
2015-04-18 16:00:00,8.03444692492485,6.056180357933044
2015-04-18 17:00:00,9.9026068598032,8.751633539795876
2015-04-18 18:00:00,10.282491654157639,7.877964273095131
2015-04-18 19:00:00,9.069893628358841,5.6872506737709045
2015-04-18 20:00:00,7.514439657330513,5.141586869955063
2015-04-18 21:00:00,6.328607857227325,5.487426400184631
2015-04-18 22:00:00,5.245599180459976,5.451983243227005
2015-04-18 23:00:00,4.2806762754917145,3.5949887484312057
2015-04-19 00:00:00,3.6170896887779236,3.363254636526108
2015-04-19 01:00:00,3.4903611838817596,3.4177269339561462
2015-04-19 02:00:00,3.845780923962593,2.909489221870899
2015-04-19 03:00:00,3.5318553000688553,2.9361704140901566
2015-04-19 04:00:00,3.424448974430561,2.431592926383018
2015-04-19 05:00:00,5.417581789195538,3.1185301914811134
2015-04-19 06:00:00,6.713089033961295,7.468787401914597
2015-04-19 07:00:00,6.664263665676117,7.611515358090401
2015-04-19 08:00:00,6.93047496676445,8.931526884436607
2015-04-19 09:00:00,6.214463636279106,7.8297432363033295
2015-04-19 10:00:00,5.419712126255035,10.36890722811222
2015-04-19 11:00:00,5.1146343648433685,9.268532127141953
2015-04-19 12:00:00,5.403873413801193,9.235529780387878
2015-04-19 13:00:00,5.4705614149570465,8.68247875571251
2015-04-19 14:00:00,5.322173997759819,6.775942355394363
2015-04-19 15:00:00,5.926032409071922,5.806533575057983
2015-04-19 16:00:00,7.582940101623535,6.765673905611038
2015-04-19 17:00:00,8.976519241929054,6.216259017586708
2015-04-19 18:00:00,9.84374813735485,10.177445232868195
2015-04-19 19:00:00,8.85282450914383,6.383309572935104
2015-04-19 20:00:00,6.999478712677956,5.9013694524765015
2015-04-19 21:00:00,6.1031782031059265,5.39727395772934
2015-04-19 22:00:00,5.516750320792198,4.978898271918297
2015-04-19 23:00:00,4.555908381938934,3.4146498143672943
2015-04-20 00:00:00,3.1910029351711273,3.806725651025772
2015-04-20 01:00:00,3.183239474892616,3.589025467634201
2015-04-20 02:00:00,3.8264923468232155,4.086469694972038
2015-04-20 03:00:00,3.4039410203695297,3.3958571776747704
2015-04-20 04:00:00,3.2732150852680206,2.6004925444722176
2015-04-20 05:00:00,5.781589679419994,3.377298302948475
2015-04-20 06:00:00,7.11633338034153,6.200034201145172
2015-04-20 07:00:00,7.09444797039032,8.716857016086578
2015-04-20 08:00:00,7.103933930397034,6.674265906214714
2015-04-20 09:00:00,6.440236791968346,7.510795533657074
2015-04-20 10:00:00,5.490754127502441,8.716682225465775
2015-04-20 11:00:00,5.093142151832581,10.090527340769768
2015-04-20 12:00:00,5.406487882137299,9.95299480855465
2015-04-20 13:00:00,5.607814788818359,8.916048750281334
2015-04-20 14:00:00,5.641349956393242,7.186310812830925
2015-04-20 15:00:00,6.419780015945435,5.4856316447258
2015-04-20 16:00:00,7.8062664568424225,6.2871071100234985
2015-04-20 17:00:00,8.952799960970879,7.77235446870327
2015-04-20 18:00:00,9.726232036948204,10.828616872429848
2015-04-20 19:00:00,9.128381714224815,6.184731066226959
2015-04-20 20:00:00,7.458276584744453,4.698951929807663
2015-04-20 21:00:00,6.114781484007835,5.241515047848225
2015-04-20 22:00:00,5.250097915530205,4.624908491969109
2015-04-20 23:00:00,4.432392731308937,3.5604978799819946
2015-04-21 00:00:00,0.4147388339042663,0.3552112728357314
2015-04-21 01:00:00,0.4500104784965514,0.4552979618310927
2015-04-21 02:00:00,0.40242179483175267,0.4040700495243071
2015-04-21 03:00:00,0.44884930551052094,0.3378676176071167
2015-04-21 04:00:00,0.40750348567962635,0.3658347427845001
2015-04-21 05:00:00,0.47430771589279175,0.3588209897279739
2015-04-21 06:00:00,0.5287083685398101,0.5435788929462433
2015-04-21 07:00:00,0.6656621694564819,0.751111775636673
2015-04-21 08:00:00,0.794937402009964,0.5758060216903687
2015-04-21 09:00:00,0.9464394152164459,0.9672479927539825
2015-04-21 10:00:00,1.0097078680992126,2.2038485407829285
2015-04-21 11:00:00,0.9843600988388062,2.5026725977659225
2015-04-21 12:00:00,0.9839940071105957,1.7177196443080902
2015-04-21 13:00:00,0.9209538549184798,1.8419962525367737
2015-04-21 14:00:00,0.9060233235359192,1.042013019323349
2015-04-21 15:00:00,0.971379280090332,1.784025877714157
2015-04-21 16:00:00,1.076582282781601,1.5648583471775055
2015-04-21 17:00:00,1.243815690279007,0.5778818130493164
2015-04-21 18:00:00,1.324205994606018,1.253626823425293
2015-04-21 19:00:00,1.268916130065918,0.8303784877061844
2015-04-21 20:00:00,1.1625277996063232,1.4406180381774902
2015-04-21 21:00:00,0.9293918013572693,1.1637309193611145
2015-04-21 22:00:00,0.6188005805015563,0.5557649731636047
2015-04-21 23:00:00,0.4891208410263061,0.4361373782157897
