time,kettle,main
2013-02-27 21:00:00,0.08747627118644069,0.004355932203389831
2013-02-27 22:00:00,0.0009898132427843803,0.0041375212224108665
2013-02-27 23:00:00,0.0009932088285229202,0.24043633276740237
2013-02-28 00:00:00,0.0009813242784380307,0.32150254668930395
2013-02-28 01:00:00,0.00099660441426146,0.21691171477079796
2013-02-28 02:00:00,0.0009863945578231293,0.21541666666666665
2013-02-28 03:00:00,0.0009846938775510204,0.18981972789115648
2013-02-28 04:00:00,0.0009810344827586206,0.23605689655172415
2013-02-28 05:00:00,0.0009931972789115646,0.1970357142857143
2013-02-28 06:00:00,0.0009744897959183674,0.21857142857142858
2013-02-28 07:00:00,0.000969335604770017,0.2450954003407155
2013-02-28 08:00:00,0.0009694117647058823,1.437894117647059
2013-02-28 09:00:00,0.0009664804469273744,0.9516405959031657
2013-02-28 10:00:00,0.0009795918367346938,0.16451700680272108
2013-02-28 11:00:00,0.0009710884353741497,0.15937755102040815
2013-02-28 12:00:00,0.0009727891156462585,0.13622108843537414
2013-02-28 13:00:00,0.0009761904761904762,0.1668231292517007
2013-02-28 14:00:00,0.0009774305555555556,0.14003993055555555
2013-02-28 15:00:00,0.0009693877551020407,0.15837925170068026
2013-02-28 16:00:00,0.0009778911564625851,0.14039455782312923
2013-02-28 17:00:00,0.0009689119170984456,0.17140932642487047
2013-02-28 18:00:00,0.0009744897959183674,0.13055442176870746
2013-02-28 19:00:00,0.0009705882352941176,0.16614359861591693
2013-02-28 20:00:00,0.0009608843537414967,0.4590765306122449
2013-02-28 21:00:00,0.000984641638225256,0.7055460750853242
2013-02-28 22:00:00,0.0009744897959183674,0.6547363945578232
2013-02-28 23:00:00,0.0009861351819757365,0.7412668977469671
2013-03-01 00:00:00,0.0009880952380952382,0.3299319727891157
2013-03-01 01:00:00,0.0009914965986394558,0.19884863945578232
2013-03-01 02:00:00,0.0009810344827586206,0.16358448275862067
2013-03-01 03:00:00,0.0009812606473594547,0.1482657580919932
2013-03-01 04:00:00,0.0009846938775510204,0.3298316326530612
2013-03-01 05:00:00,0.0009948892674616695,0.2335519591141397
2013-03-01 06:00:00,0.0009846678023850085,0.2108296422487223
2013-03-01 07:00:00,0.000984375,0.2819427083333333
2013-03-01 08:00:00,0.0009574944071588367,2.052427293064877
2013-03-01 09:00:00,0.0009923809523809523,1.5778304761904762
2013-03-01 10:00:00,0.0009778911564625851,0.17537244897959184
2013-03-01 11:00:00,0.0009728353140916807,0.14123429541595925
2013-03-01 12:00:00,0.000966044142614601,0.12358573853989813
2013-03-01 13:00:00,0.0009741824440619621,0.12951118760757316
2013-03-01 14:00:00,0.0009745331069609507,0.1192546689303905
2013-03-01 15:00:00,0.0009694397283531409,0.14287945670628185
2013-03-01 16:00:00,0.0009761904761904762,0.1332312925170068
2013-03-01 17:00:00,0.000989795918367347,0.11832993197278911
2013-03-01 18:00:00,0.0009778911564625851,0.1351360544217687
2013-03-01 19:00:00,0.00098582995951417,0.9088198380566802
2013-03-01 20:00:00,0.0009863945578231293,0.550826530612245
2013-03-01 21:00:00,0.0009893428063943162,0.5210426287744228
2013-03-01 22:00:00,0.006575700934579439,0.7596261682242991
2013-03-01 23:00:00,0.0009312839059674502,1.3553327305605787
2013-03-02 00:00:00,0.000976958525345622,2.6954239631336403
2013-03-02 01:00:00,0.00098989898989899,2.919757575757576
2013-03-02 02:00:00,0.0009906542056074767,0.6982219626168225
2013-03-02 03:00:00,0.0009874551971326166,0.67281541218638
2013-03-02 04:00:00,0.0009825174825174826,0.2659562937062937
2013-03-02 05:00:00,0.0009863945578231293,0.19279421768707483
2013-03-02 06:00:00,0.0009881154499151103,0.17108149405772496
2013-03-02 07:00:00,0.0009795918367346938,0.18578401360544217
2013-03-02 08:00:00,0.0009880952380952382,0.18927891156462584
2013-03-02 09:00:00,0.0009778911564625851,0.1953622448979592
2013-03-02 10:00:00,0.0009761904761904762,0.16684013605442177
2013-03-02 11:00:00,0.0009744897959183674,0.2471377551020408
2013-03-02 12:00:00,0.006310592459605027,0.5365206463195691
2013-03-02 13:00:00,0.0009795918367346938,0.23614625850340135
2013-03-02 14:00:00,0.0009829931972789115,0.16027891156462584
2013-03-02 15:00:00,0.000989795918367347,0.19639455782312926
2013-03-02 16:00:00,0.0009880952380952382,0.17089285714285715
2013-03-02 17:00:00,0.0009931972789115646,0.21786054421768708
2013-03-02 18:00:00,0.0009778911564625851,0.4950323129251701
2013-03-02 19:00:00,0.0009640831758034027,0.8161909262759924
2013-03-02 20:00:00,0.0009880952380952382,0.34932312925170067
2013-03-02 21:00:00,0.0009744897959183674,0.3143996598639456
2013-03-02 22:00:00,0.0009812925170068027,0.30710544217687075
2013-03-02 23:00:00,0.0009795918367346938,0.29984693877551016
2013-03-03 00:00:00,0.0009948979591836735,0.46381802721088433
2013-03-03 01:00:00,0.0009965928449744462,0.5726763202725724
2013-03-03 02:00:00,0.0009861351819757365,0.5456759098786829
2013-03-03 03:00:00,0.000989795918367347,0.2992891156462585
2013-03-03 04:00:00,0.0009863945578231293,0.3318843537414966
2013-03-03 05:00:00,0.0009931856899488927,0.3003390119250426
2013-03-03 06:00:00,0.0009829931972789115,0.33163775510204085
2013-03-03 07:00:00,0.0009948892674616695,0.2933747870528109
2013-03-03 08:00:00,0.0009793103448275861,0.31873620689655174
2013-03-03 09:00:00,0.0009761499148211244,0.300824531516184
2013-03-03 10:00:00,0.0009775862068965517,0.3312793103448276
2013-03-03 11:00:00,0.0009931972789115646,0.29778571428571426
2013-03-03 12:00:00,0.0009846678023850085,0.38600340715502557
2013-03-03 13:00:00,0.0009779286926994907,0.4368760611205433
2013-03-03 14:00:00,0.0009846938775510204,0.4002993197278911
2013-03-03 15:00:00,0.0009812925170068027,0.3869166666666667
2013-03-03 16:00:00,0.0009795918367346938,0.3950799319727891
2013-03-03 17:00:00,0.0009796264855687607,0.36842784380305604
2013-03-03 18:00:00,0.0009880952380952382,0.44024829931972786
2013-03-03 19:00:00,0.0009864176570458403,0.3900390492359932
2013-03-03 20:00:00,0.0009812925170068027,0.34036564625850335
2013-03-03 21:00:00,0.0009863945578231293,0.4352721088435374
2013-03-03 22:00:00,0.0009728353140916807,0.601195246179966
2013-03-03 23:00:00,0.0009812925170068027,0.8051700680272108
2013-03-04 00:00:00,0.0009932088285229202,0.6421477079796265
2013-03-04 01:00:00,0.00099830220713073,0.3767334465195246
2013-03-04 02:00:00,0.0009931972789115646,0.22869727891156463
2013-03-04 03:00:00,0.0009813242784380307,0.28058743633276745
2013-03-04 04:00:00,0.000967687074829932,0.2553843537414966
2013-03-04 05:00:00,0.0009863945578231293,0.2518214285714286
2013-03-04 06:00:00,0.000967741935483871,0.24468251273344652
2013-03-04 07:00:00,0.0009659863945578231,0.2556173469387755
2013-03-04 08:00:00,0.0009557344064386318,1.0681307847082493
2013-03-04 09:00:00,0.0009473684210526315,1.9918421052631579
2013-03-04 10:00:00,0.0,0.24004347826086955
2013-03-04 11:00:00,0.0,0.15930730050933786
2013-03-04 12:00:00,0.0,0.2791625874125874
2013-03-04 13:00:00,0.0,0.1620169779286927
2013-03-04 14:00:00,0.0,0.19277758913412563
2013-03-04 15:00:00,0.0,0.1767741935483871
2013-03-04 16:00:00,0.0,0.18042614601018675
2013-03-04 17:00:00,0.0,0.16735578583765112
2013-03-04 18:00:00,0.0,0.17052801358234296
2013-03-04 19:00:00,0.0,0.1955391156462585
2013-03-04 20:00:00,0.0,0.16370967741935485
2013-03-04 21:00:00,0.0,0.1793894557823129
2013-03-04 22:00:00,0.0,0.17076400679117149
2013-03-04 23:00:00,0.0,2.0561945392491467
2013-03-05 00:00:00,0.0,0.9848047882136279
2013-03-05 01:00:00,0.0,0.1706553480475382
2013-03-05 02:00:00,0.0,0.1829251700680272
2013-03-05 03:00:00,0.0,0.17020578231292519
2013-03-05 04:00:00,0.0,0.1712482993197279
2013-03-05 05:00:00,0.0,0.1718452380952381
2013-03-05 06:00:00,0.0,0.1508418367346939
2013-03-05 07:00:00,0.0,0.6880936395759717
2013-03-05 08:00:00,0.0,0.40949616858237553
2013-03-05 09:00:00,0.0,0.14162648556876062
2013-03-05 10:00:00,0.0,0.12527334465195245
2013-03-05 11:00:00,0.0,0.16078607809847198
2013-03-05 12:00:00,0.0,0.12440237691001699
2013-03-05 13:00:00,0.0,0.1405051724137931
2013-03-05 14:00:00,0.0,0.12281324278438031
2013-03-05 15:00:00,0.0,0.1525314091680815
2013-03-05 16:00:00,0.0,0.1196
2013-03-05 17:00:00,0.0,0.150151103565365
2013-03-05 18:00:00,0.0,0.12444312393887945
2013-03-05 19:00:00,0.0,0.13914113597246128
2013-03-05 20:00:00,0.0,0.3835966101694915
2013-03-05 21:00:00,0.0,0.8879298245614035
2013-03-05 22:00:00,0.0009540229885057471,0.5627494252873563
2013-03-05 23:00:00,0.0009813084112149533,0.7273714953271028
2013-03-06 00:00:00,0.0009898305084745764,0.4380864406779661
2013-03-06 01:00:00,0.000976271186440678,0.26110169491525426
2013-03-06 02:00:00,0.0009759036144578314,0.1965146299483649
2013-03-06 03:00:00,0.0009830508474576271,0.2102830508474576
2013-03-06 04:00:00,0.0009745331069609507,0.19495246179966044
2013-03-06 05:00:00,0.0009932203389830508,0.20428983050847457
2013-03-06 06:00:00,0.000959322033898305,0.1824728813559322
2013-03-06 07:00:00,0.0009694915254237289,0.20798813559322032
2013-03-06 08:00:00,0.0009649737302977233,0.3538388791593695
2013-03-06 09:00:00,0.0009728813559322034,0.12538474576271186
2013-03-06 10:00:00,0.000964406779661017,0.17488474576271187
2013-03-06 11:00:00,0.0009677966101694915,0.29818474576271187
2013-03-06 12:00:00,0.0009474576271186441,0.171864406779661
2013-03-06 13:00:00,0.0009661590524534687,0.13668189509306258
2013-03-06 14:00:00,0.0009659863945578231,0.1206156462585034
2013-03-06 15:00:00,0.0009746192893401016,0.14924703891708968
2013-03-06 16:00:00,0.0009542372881355933,0.11868813559322033
2013-03-06 17:00:00,0.000976271186440678,0.1378135593220339
2013-03-06 18:00:00,0.0009778911564625851,0.3256224489795918
2013-03-06 19:00:00,0.0009779661016949153,0.19047457627118644
2013-03-06 20:00:00,0.0009711864406779661,0.11588305084745762
2013-03-06 21:00:00,0.0009864406779661018,0.13233050847457628
2013-03-06 22:00:00,0.006283993115318417,0.2715456110154905
2013-03-06 23:00:00,0.0009851380042462845,1.5448004246284501
2013-03-07 00:00:00,0.000976027397260274,0.4136763698630137
2013-03-07 01:00:00,0.0009661016949152542,0.22214237288135594
2013-03-07 02:00:00,0.0009728813559322034,0.1482186440677966
2013-03-07 03:00:00,0.0009864406779661018,0.1514406779661017
2013-03-07 04:00:00,0.0009745762711864406,0.1490542372881356
2013-03-07 05:00:00,0.0009728813559322034,0.12648813559322034
2013-03-07 06:00:00,0.0009796610169491525,0.16959491525423728
2013-03-07 07:00:00,0.0009847457627118643,0.14187966101694915
2013-03-07 08:00:00,0.0009694915254237289,0.20634745762711865
2013-03-07 09:00:00,0.0009696969696969697,1.4356363636363638
2013-03-07 10:00:00,0.0009495327102803738,0.42985981308411214
2013-03-07 11:00:00,0.0009568221070811744,0.17478929188255615
2013-03-07 12:00:00,0.0009584055459272098,0.12661351819757366
2013-03-07 13:00:00,0.000964406779661017,0.16893898305084748
2013-03-07 14:00:00,0.0009525423728813559,0.1368508474576271
2013-03-07 15:00:00,0.0009728813559322034,0.15321525423728813
2013-03-07 16:00:00,0.0009576271186440678,0.15045762711864408
2013-03-07 17:00:00,0.0009847457627118643,0.1365864406779661
2013-03-07 18:00:00,0.0009779661016949153,0.16232711864406782
2013-03-07 19:00:00,0.0009745762711864406,0.12503559322033897
2013-03-07 20:00:00,0.0009812606473594547,0.338
2013-03-07 21:00:00,0.0009677966101694915,0.21771864406779662
2013-03-07 22:00:00,0.0009847457627118643,0.3599966101694915
2013-03-07 23:00:00,0.0009872340425531915,1.1998021276595745
2013-03-08 00:00:00,0.0009880668257756563,1.7730095465393794
2013-03-08 01:00:00,0.0009859649122807017,0.3253333333333333
2013-03-08 02:00:00,0.0009809027777777778,0.18826215277777777
2013-03-08 03:00:00,0.0009694397283531409,0.19873344651952463
2013-03-08 04:00:00,0.0009864176570458403,0.1606485568760611
2013-03-08 05:00:00,0.0009761092150170649,0.21376962457337884
2013-03-08 06:00:00,0.0009915254237288136,0.16953728813559324
2013-03-08 07:00:00,0.0009746192893401016,0.28326226734348564
2013-03-08 08:00:00,0.0009788359788359788,0.38469312169312164
2013-03-08 09:00:00,0.0009708404802744426,0.1882607204116638
2013-03-08 10:00:00,0.0009791666666666666,0.18879513888888888
2013-03-08 11:00:00,0.0009523809523809524,0.18652721088435373
2013-03-08 12:00:00,0.0009433628318584071,0.172529203539823
2013-03-08 13:00:00,0.0009686411149825785,0.18335365853658536
2013-03-08 14:00:00,0.0009847198641765704,0.185553480475382
2013-03-08 15:00:00,0.0009503424657534246,0.17537842465753425
2013-03-08 16:00:00,0.0009636678200692041,0.16699653979238754
2013-03-08 17:00:00,0.0009847198641765704,0.17684550084889641
2013-03-08 18:00:00,0.000984771573604061,0.16165651438240272
2013-03-08 19:00:00,0.0009694915254237289,0.17073389830508476
2013-03-08 20:00:00,0.001814814814814815,0.48407760141093475
2013-03-08 21:00:00,0.0009844827586206898,0.6959293103448276
2013-03-08 22:00:00,0.0009737762237762238,0.5613986013986014
2013-03-08 23:00:00,0.000992337164750958,0.665323754789272
2013-03-09 00:00:00,0.0009982578397212543,0.299102787456446
2013-03-09 01:00:00,0.0009807692307692308,0.2335541958041958
2013-03-09 02:00:00,0.0009813559322033897,0.2642067796610169
2013-03-09 03:00:00,0.000972318339100346,0.5514982698961938
2013-03-09 04:00:00,0.000976271186440678,0.5309389830508475
2013-03-09 05:00:00,0.0009830220713073004,0.45706451612903226
2013-03-09 06:00:00,0.0009932318104906937,0.32480541455160744
2013-03-09 07:00:00,0.0009711864406779661,0.16305762711864408
2013-03-09 08:00:00,0.0009847198641765704,0.20066553480475383
2013-03-09 09:00:00,0.0009728813559322034,0.1705593220338983
2013-03-09 10:00:00,0.0009661016949152542,0.18749830508474577
2013-03-09 11:00:00,0.0009779661016949153,0.16818474576271186
2013-03-09 12:00:00,0.0009879518072289156,0.20168846815834768
2013-03-09 13:00:00,0.0009896373056994818,0.20750431778929188
2013-03-09 14:00:00,0.0025426944971537,0.6263510436432638
2013-03-09 15:00:00,0.0009837587006960556,1.2764269141531321
2013-03-09 16:00:00,0.0009826388888888888,0.21202604166666666
2013-03-09 17:00:00,0.0009898305084745764,0.11941186440677966
2013-03-09 18:00:00,0.0009898477157360406,0.14102707275803725
2013-03-09 19:00:00,0.0009745762711864406,0.12418135593220339
2013-03-09 20:00:00,0.0009864406779661018,0.12481525423728813
2013-03-09 21:00:00,0.000988135593220339,0.11747457627118643
2013-03-09 22:00:00,0.000966044142614601,0.13989643463497453
2013-03-09 23:00:00,0.0009830508474576271,0.1145813559322034
2013-03-10 00:00:00,0.0009881154499151103,0.13131918505942275
2013-03-10 01:00:00,0.0009847457627118643,0.113
2013-03-10 02:00:00,0.00099660441426146,0.14305263157894738
2013-03-10 03:00:00,0.0009830220713073004,0.10841935483870968
2013-03-10 04:00:00,0.0009879101899827288,0.13369775474956822
2013-03-10 05:00:00,0.0009744897959183674,0.11418027210884354
2013-03-10 06:00:00,0.0009898132427843803,0.13656876061120543
2013-03-10 07:00:00,0.0009779286926994907,0.10022410865874364
2013-03-10 08:00:00,0.0009710884353741497,0.15094727891156465
2013-03-10 09:00:00,0.0009846938775510204,0.11745578231292517
2013-03-10 10:00:00,0.0009694397283531409,0.12030730050933787
2013-03-10 11:00:00,0.0009727891156462585,0.12110884353741497
2013-03-10 12:00:00,0.0009728353140916807,0.1317894736842105
2013-03-10 13:00:00,0.0009812925170068027,0.12847959183673469
2013-03-10 14:00:00,0.0009759036144578314,0.10838898450946644
2013-03-10 15:00:00,0.0009830220713073004,0.144151103565365
2013-03-10 16:00:00,0.0009948979591836735,0.11635884353741496
2013-03-10 17:00:00,0.0009846938775510204,0.13343877551020408
2013-03-10 18:00:00,0.0009914965986394558,0.12086224489795919
2013-03-10 19:00:00,0.000979557069846678,0.33055706984667804
2013-03-10 20:00:00,0.0009863945578231293,0.421015306122449
2013-03-10 21:00:00,0.0009710391822827938,0.39836626916524703
2013-03-10 22:00:00,0.0009812925170068027,0.38539115646258504
2013-03-10 23:00:00,0.0009761904761904762,0.4047534013605442
2013-03-11 00:00:00,0.0009965986394557824,0.15291496598639454
2013-03-11 01:00:00,0.000979557069846678,0.16504770017035775
2013-03-11 02:00:00,0.0009880952380952382,0.12222789115646258
2013-03-11 03:00:00,0.0009829931972789115,0.1449387755102041
2013-03-11 04:00:00,0.0009740484429065744,0.13525432525951558
2013-03-11 05:00:00,0.0009710391822827938,0.14384838160136287
2013-03-11 06:00:00,0.0009761904761904762,0.12157142857142857
2013-03-11 07:00:00,0.0009846678023850085,0.19375127768313458
2013-03-11 08:00:00,0.0009656862745098039,0.7693333333333334
2013-03-11 09:00:00,0.0009818181818181818,1.8544545454545456
2013-03-11 10:00:00,0.0009559118236472945,0.9560741482965932
2013-03-11 11:00:00,0.0009471890971039182,0.1493884156729131
2013-03-11 12:00:00,0.0009471890971039182,0.15635604770017036
2013-03-11 13:00:00,0.0009557069846678023,0.17463373083475298
2013-03-11 14:00:00,0.0009741219963031423,1.0237005545286506
2013-03-11 15:00:00,0.0009830827067669173,1.5266672932330827
2013-03-11 16:00:00,0.0009505119453924915,0.37536348122866897
2013-03-11 17:00:00,0.06657714285714286,1.7089409523809524
2013-03-11 18:00:00,0.0009700176366843033,0.5476543209876543
2013-03-11 19:00:00,0.2212644483362522,1.4718336252189141
2013-03-11 20:00:00,0.03412080536912752,2.0262281879194632
2013-03-11 21:00:00,0.0009873150105708245,1.9945433403805495
2013-03-11 22:00:00,0.0009907407407407406,2.967972222222222
2013-03-11 23:00:00,0.01266468253968254,2.6564166666666664
2013-03-12 00:00:00,0.0009881422924901185,1.5433201581027667
2013-03-12 01:00:00,0.0009854771784232365,1.5291327800829877
2013-03-12 02:00:00,0.000984344422700587,1.1817671232876712
2013-03-12 03:00:00,0.0009709302325581395,1.1835891472868219
2013-03-12 04:00:00,0.0009662698412698413,1.1599861111111112
2013-03-12 05:00:00,0.0009761092150170649,1.1669317406143345
2013-03-12 06:00:00,0.0009573378839590444,1.1445392491467576
2013-03-12 07:00:00,0.0009637305699481865,1.2535371329879101
2013-03-12 08:00:00,0.0009825918762088974,0.9015435203094778
2013-03-12 09:00:00,0.0009608177172061329,0.17108347529812606
2013-03-12 10:00:00,0.0009573378839590444,0.1672064846416382
2013-03-12 11:00:00,0.0009608177172061329,0.20006814310051108
2013-03-12 12:00:00,0.0009568965517241379,0.15222241379310344
2013-03-12 13:00:00,0.0009675767918088737,0.1851638225255973
2013-03-12 14:00:00,0.0009641638225255973,0.17940955631399316
2013-03-12 15:00:00,0.0009573378839590444,0.16037542662116042
2013-03-12 16:00:00,0.0009812286689419795,0.19903754266211604
2013-03-12 17:00:00,0.0009540034071550255,0.150396933560477
2013-03-12 18:00:00,0.0009863481228668941,0.2965597269624573
2013-03-12 19:00:00,0.0009590443686006826,0.18620819112627987
2013-03-12 20:00:00,0.000984641638225256,0.38609726962457336
2013-03-12 21:00:00,0.0009863481228668941,0.6374846416382253
2013-03-12 22:00:00,0.000977815699658703,0.6982815699658703
2013-03-12 23:00:00,0.0009812286689419795,0.7316467576791809
2013-03-13 00:00:00,0.0009982964224872232,0.3884974446337308
2013-03-13 01:00:00,0.0009761499148211244,0.36467291311754685
2013-03-13 02:00:00,0.0009829642248722317,0.20675979557069846
2013-03-13 03:00:00,0.0009480968858131488,0.17000865051903113
2013-03-13 04:00:00,0.0009709897610921501,0.19019112627986348
2013-03-13 05:00:00,0.000969335604770017,0.1677223168654174
2013-03-13 06:00:00,0.000971590909090909,1.1635208333333333
2013-03-13 07:00:00,0.0009722772277227723,1.4132871287128712
2013-03-13 08:00:00,0.000975051975051975,1.1788482328482328
2013-03-13 09:00:00,0.0009548133595284873,2.298212180746562
2013-03-13 10:00:00,0.1075140350877193,0.9048701754385965
2013-03-13 11:00:00,0.0009503546099290781,0.4998599290780142
2013-03-13 12:00:00,0.0009586206896551725,0.2206051724137931
2013-03-13 13:00:00,0.0009710391822827938,0.19839863713798978
2013-03-13 14:00:00,0.0009608177172061329,0.25244633730834753
2013-03-13 15:00:00,0.0009642857142857143,0.19394557823129252
2013-03-13 16:00:00,0.0009670138888888889,0.21472743055555554
2013-03-13 17:00:00,0.0009505962521294719,0.27547359454855197
2013-03-13 18:00:00,0.0009301533219761498,0.2072862010221465
2013-03-13 19:00:00,0.0009537671232876712,0.43576369863013703
2013-03-13 20:00:00,0.000977815699658703,1.106948805460751
2013-03-13 21:00:00,0.0009880546075085326,0.9175699658703073
2013-03-13 22:00:00,0.0009761499148211244,0.501313458262351
2013-03-13 23:00:00,0.0025982721382289417,2.4645809935205185
2013-03-14 00:00:00,0.000978,1.300608
2013-03-14 01:00:00,0.0009793103448275861,0.2689741379310345
2013-03-14 02:00:00,0.000970940170940171,0.20673504273504273
2013-03-14 03:00:00,0.0009778534923339012,0.21977853492333901
2013-03-14 04:00:00,0.0009744463373083475,0.1934548551959114
2013-03-14 05:00:00,0.000988074957410562,0.23293526405451448
2013-03-14 06:00:00,0.0009672727272727273,1.0806072727272726
2013-03-14 07:00:00,0.0009554655870445345,1.2297004048582996
2013-03-14 08:00:00,0.0009804305283757338,2.5594540117416833
2013-03-14 09:00:00,0.0009591836734693877,0.29783163265306123
2013-03-14 10:00:00,0.000970383275261324,0.1749285714285714
2013-03-14 11:00:00,0.0009376083188908145,0.15076429809358752
2013-03-14 12:00:00,0.0009487179487179487,0.17729743589743588
2013-03-14 13:00:00,0.0009812925170068027,0.1611938775510204
2013-03-14 14:00:00,0.0009776247848537005,0.17294664371772805
2013-03-14 15:00:00,0.0009744897959183674,0.1547261904761905
2013-03-14 16:00:00,0.0009437819420783645,0.1884991482112436
2013-03-14 17:00:00,0.0009506802721088436,0.18168537414965985
2013-03-14 18:00:00,0.000969335604770017,0.3672180579216354
2013-03-14 19:00:00,0.0009838129496402878,0.7790377697841726
2013-03-14 20:00:00,0.0009761499148211244,0.7086286201022146
2013-03-14 21:00:00,0.0009829931972789115,0.43888775510204087
2013-03-14 22:00:00,0.0009863945578231293,0.7149302721088435
2013-03-14 23:00:00,0.0009945553539019963,1.530546279491833
2013-03-15 00:00:00,,
2013-03-15 01:00:00,,
2013-03-15 02:00:00,,
2013-03-15 03:00:00,,
2013-03-15 04:00:00,,
2013-03-15 05:00:00,,
2013-03-15 06:00:00,,
2013-03-15 07:00:00,,
2013-03-15 08:00:00,,
2013-03-15 09:00:00,,
2013-03-15 10:00:00,,
2013-03-15 11:00:00,,
2013-03-15 12:00:00,,
2013-03-15 13:00:00,,
2013-03-15 14:00:00,,
2013-03-15 15:00:00,,
2013-03-15 16:00:00,,
2013-03-15 17:00:00,,
2013-03-15 18:00:00,,
2013-03-15 19:00:00,0.000982532751091703,0.5830589519650655
2013-03-15 20:00:00,0.0009792746113989638,0.6938825561312608
2013-03-15 21:00:00,0.00096415770609319,0.8610824372759857
2013-03-15 22:00:00,0.000969335604770017,0.2549420783645656
2013-03-15 23:00:00,0.000993019197207679,0.6475200698080279
2013-03-16 00:00:00,0.0009832214765100671,3.3796442953020134
2013-03-16 01:00:00,0.0009940828402366863,1.2525364891518738
2013-03-16 02:00:00,0.0009801587301587302,1.227968253968254
2013-03-16 03:00:00,0.0009939516129032259,1.198858870967742
2013-03-16 04:00:00,0.0009822134387351778,1.205100790513834
2013-03-16 05:00:00,0.0009901574803149607,1.1765019685039368
2013-03-16 06:00:00,0.0009702970297029703,1.2145287128712872
2013-03-16 07:00:00,0.0009892086330935252,0.38893884892086333
2013-03-16 08:00:00,0.0009744897959183674,0.18734013605442176
2013-03-16 09:00:00,0.0009863945578231293,0.1755034013605442
2013-03-16 10:00:00,0.0009795539033457248,1.7616914498141263
2013-03-16 11:00:00,0.0073812636165577344,1.7395599128540304
2013-03-16 12:00:00,0.0009681415929203539,1.0496265486725662
2013-03-16 13:00:00,0.0009745331069609507,0.15505942275042445
2013-03-16 14:00:00,0.0009574105621805792,0.20094378194207838
2013-03-16 15:00:00,0.0009574829931972789,0.16885884353741498
2013-03-16 16:00:00,0.0009795918367346938,0.1744387755102041
2013-03-16 17:00:00,0.0009659284497444634,0.17848381601362862
2013-03-16 18:00:00,0.0009522998296422487,0.16938500851788757
2013-03-16 19:00:00,0.0009778534923339012,0.1860817717206133
2013-03-16 20:00:00,0.0009812286689419795,0.16725597269624573
2013-03-16 21:00:00,0.0009758620689655172,0.19458793103448274
2013-03-16 22:00:00,0.0009676320272572401,0.16455025553662692
2013-03-16 23:00:00,0.0009795221843003413,0.34151194539249147
2013-03-17 00:00:00,0.0009727427597955707,0.662129471890971
2013-03-17 01:00:00,0.0009829351535836177,0.7036058020477816
2013-03-17 02:00:00,0.0009522184300341296,0.6717918088737201
2013-03-17 03:00:00,0.0009726962457337885,0.4677372013651877
2013-03-17 04:00:00,0.0009709897610921501,0.4965460750853242
2013-03-17 05:00:00,0.0009658703071672355,0.49200511945392494
2013-03-17 06:00:00,0.0009846678023850085,0.44430494037478707
2013-03-17 07:00:00,0.000962457337883959,0.4024556313993174
2013-03-17 08:00:00,0.0009573378839590444,0.34852218430034126
2013-03-17 09:00:00,0.0009618717504332755,0.39793934142114384
2013-03-17 10:00:00,0.0009734042553191489,0.655836879432624
2013-03-17 11:00:00,0.0009761499148211244,0.3011465076660988
2013-03-17 12:00:00,0.000969335604770017,0.23412947189097105
2013-03-17 13:00:00,0.0009693877551020407,0.36065986394557825
2013-03-17 14:00:00,0.0009737903225806451,1.5916834677419354
2013-03-17 15:00:00,0.0009812606473594547,0.292335604770017
2013-03-17 16:00:00,0.000959114139693356,0.3142555366269165
2013-03-17 17:00:00,0.0009896193771626296,0.30720588235294116
2013-03-17 18:00:00,0.0009812606473594547,0.5586916524701874
2013-03-17 19:00:00,0.0009829642248722317,0.45926746166950594
2013-03-17 20:00:00,0.06658191126279864,0.9685853242320819
2013-03-17 21:00:00,0.0009829642248722317,0.3475451448040886
2013-03-17 22:00:00,0.0009757785467128027,0.9108044982698962
2013-03-17 23:00:00,0.0009863713798977853,0.4836967632027257
2013-03-18 00:00:00,0.0009863481228668941,0.2710324232081911
2013-03-18 01:00:00,0.0009778534923339012,0.18547018739352641
2013-03-18 02:00:00,0.0009931740614334472,0.18508361774744028
2013-03-18 03:00:00,0.0009914675767918088,0.15843515358361773
2013-03-18 04:00:00,0.0009812286689419795,0.16908703071672354
2013-03-18 05:00:00,0.0009675767918088737,0.1576825938566553
2013-03-18 06:00:00,0.0009795221843003413,0.18689931740614335
2013-03-18 07:00:00,0.0009612676056338029,0.7336461267605633
2013-03-18 08:00:00,0.0009559471365638766,1.9811299559471365
2013-03-18 09:00:00,,
2013-03-18 10:00:00,0.001,0.27116666666666667
2013-03-18 11:00:00,0.00095578231292517,0.1683231292517007
2013-03-18 12:00:00,0.0009676320272572401,0.1635298126064736
2013-03-18 13:00:00,0.0009659863945578231,0.122328231292517
2013-03-18 14:00:00,0.0009878892733564014,0.1210726643598616
2013-03-18 15:00:00,0.0009846938775510204,0.11852551020408163
2013-03-18 16:00:00,0.0009744463373083475,0.12112776831345826
2013-03-18 17:00:00,0.0009829931972789115,0.16517176870748299
2013-03-18 18:00:00,0.000969335604770017,0.23390800681431007
2013-03-18 19:00:00,0.0009863713798977853,0.13862862010221466
2013-03-18 20:00:00,0.0009846678023850085,0.3325349233390119
2013-03-18 21:00:00,0.16216695059625214,0.7992913117546848
2013-03-18 22:00:00,0.06211734693877551,0.874484693877551
2013-03-18 23:00:00,0.0009812925170068027,0.8644557823129252
2013-03-19 00:00:00,0.0009846678023850085,0.6207495741056218
2013-03-19 01:00:00,0.0009863945578231293,0.3666360544217687
2013-03-19 02:00:00,0.000989778534923339,0.309954003407155
2013-03-19 03:00:00,0.0009659863945578231,0.29688775510204085
2013-03-19 04:00:00,0.0009744463373083475,0.2961175468483816
2013-03-19 05:00:00,0.0009846678023850085,0.29589437819420783
2013-03-19 06:00:00,0.000967687074829932,0.2915816326530612
2013-03-19 07:00:00,0.0009812606473594547,0.4153833049403748
2013-03-19 08:00:00,0.0009727891156462585,0.23975
2013-03-19 09:00:00,0.0009727891156462585,0.3736972789115646
2013-03-19 10:00:00,0.0009574829931972789,0.12801360544217688
2013-03-19 11:00:00,0.0009540816326530612,0.20337244897959184
2013-03-19 12:00:00,0.0009540034071550255,0.42791482112436113
2013-03-19 13:00:00,0.0009584055459272098,0.6166013864818025
2013-03-19 14:00:00,0.0009640933572710952,0.839915619389587
2013-03-19 15:00:00,0.0009557069846678023,0.23587734241908007
2013-03-19 16:00:00,0.000959114139693356,0.21255195911413968
2013-03-19 17:00:00,0.0009625212947189097,0.21419420783645657
2013-03-19 18:00:00,0.0009574105621805792,0.4407359454855196
2013-03-19 19:00:00,0.0009931740614334472,0.5933822525597269
2013-03-19 20:00:00,0.1370731707317073,0.8990156794425087
2013-03-19 21:00:00,0.10459353741496598,0.8956751700680272
2013-03-19 22:00:00,0.06248293515358362,0.6481501706484641
2013-03-19 23:00:00,0.0009778534923339012,0.29816695059625214
2013-03-20 00:00:00,0.0009892086330935252,1.252019784172662
2013-03-20 01:00:00,0.000991103202846975,0.8394750889679715
2013-03-20 02:00:00,0.000988074957410562,0.13918228279386713
2013-03-20 03:00:00,0.001,0.12798469387755101
2013-03-20 04:00:00,0.0009846678023850085,0.1339267461669506
2013-03-20 05:00:00,0.0009812606473594547,0.14124531516183986
2013-03-20 06:00:00,0.0009914821124361159,0.12811243611584328
2013-03-20 07:00:00,0.0009804964539007093,0.6738280141843972
2013-03-20 08:00:00,0.000972875226039783,0.692124773960217
2013-03-20 09:00:00,0.0009774696707105718,0.1380155979202773
2013-03-20 10:00:00,0.0009829642248722317,0.13038500851788756
2013-03-20 11:00:00,0.0009812925170068027,0.12879421768707483
2013-03-20 12:00:00,0.0009778534923339012,0.13646848381601362
2013-03-20 13:00:00,0.0009608843537414967,0.1366105442176871
2013-03-20 14:00:00,0.000979557069846678,0.12868143100511073
2013-03-20 15:00:00,0.0009812606473594547,0.12512947189097104
2013-03-20 16:00:00,0.0009642248722316865,0.14070698466780238
2013-03-20 17:00:00,0.0009778911564625851,0.12987414965986394
2013-03-20 18:00:00,0.0009829351535836177,0.24313993174061435
2013-03-20 19:00:00,0.000967687074829932,0.16719897959183674
2013-03-20 20:00:00,0.0009861351819757365,0.22968110918544196
2013-03-20 21:00:00,0.000986206896551724,0.5719637931034484
2013-03-20 22:00:00,0.000988034188034188,0.9289641025641026
2013-03-20 23:00:00,0.0009812286689419795,0.5923771331058021
2013-03-21 00:00:00,0.0009914821124361159,0.2313833049403748
2013-03-21 01:00:00,0.0009931740614334472,0.2019061433447099
2013-03-21 02:00:00,0.0009931856899488927,0.18784667802385008
2013-03-21 03:00:00,0.0009965870307167236,0.15008532423208193
2013-03-21 04:00:00,0.0009914675767918088,0.16641126279863483
2013-03-21 05:00:00,0.0009726962457337885,0.1353873720136519
2013-03-21 06:00:00,0.000988074957410562,0.14033049403747871
2013-03-21 07:00:00,0.0009880546075085326,0.18169283276450512
2013-03-21 08:00:00,0.0009863481228668941,0.1568225255972696
2013-03-21 09:00:00,0.0009727427597955707,0.1832742759795571
2013-03-21 10:00:00,0.0009744027303754266,0.1688259385665529
2013-03-21 11:00:00,0.0009659284497444634,0.15929131175468483
2013-03-21 12:00:00,0.0009688581314878892,0.20641695501730103
2013-03-21 13:00:00,0.0009727427597955707,0.16197103918228278
2013-03-21 14:00:00,0.0009761092150170649,0.16325597269624573
2013-03-21 15:00:00,0.000989672977624785,0.19281927710843375
2013-03-21 16:00:00,0.000962457337883959,0.15500170648464162
2013-03-21 17:00:00,0.0009726962457337885,0.16431569965870307
2013-03-21 18:00:00,0.0009846678023850085,0.3369028960817717
2013-03-21 19:00:00,0.0009738675958188153,0.7543275261324042
2013-03-21 20:00:00,0.0009650485436893204,1.4733631067961164
2013-03-21 21:00:00,0.000972318339100346,0.3828494809688581
2013-03-21 22:00:00,0.000979557069846678,0.46704770017035774
2013-03-21 23:00:00,0.0009948186528497408,0.7645250431778929
2013-03-22 00:00:00,0.0009880546075085326,0.36813822525597273
2013-03-22 01:00:00,0.0009829642248722317,0.35432367972742757
2013-03-22 02:00:00,0.0009846678023850085,0.32359284497444635
2013-03-22 03:00:00,0.0009897610921501705,0.18842832764505119
2013-03-22 04:00:00,0.0009846678023850085,0.21668143100511073
2013-03-22 05:00:00,0.0009880546075085326,0.18117747440273038
2013-03-22 06:00:00,0.0009795221843003413,0.18660409556313995
2013-03-22 07:00:00,0.000988074957410562,0.19971039182282793
2013-03-22 08:00:00,0.0009812286689419795,0.20506484641638226
2013-03-22 09:00:00,0.0009795221843003413,0.22049317406143346
2013-03-22 10:00:00,0.0009812286689419795,0.17203924914675767
2013-03-22 11:00:00,0.0009914821124361159,0.14795741056218056
2013-03-22 12:00:00,0.0009829351535836177,0.20662798634812288
2013-03-22 13:00:00,0.0009931740614334472,0.14940784982935154
2013-03-22 14:00:00,0.0009641638225255973,0.17983617747440273
2013-03-22 15:00:00,0.0009914821124361159,0.17870868824531516
2013-03-22 16:00:00,0.0009829351535836177,0.1506433447098976
2013-03-22 17:00:00,0.0009879101899827288,0.20850259067357513
2013-03-22 18:00:00,0.0009812286689419795,0.17538907849829352
2013-03-22 19:00:00,0.0009812286689419795,0.24495733788395904
2013-03-22 20:00:00,0.0009829351535836177,0.20536006825938566
2013-03-22 21:00:00,0.0009897610921501705,0.15055631399317407
2013-03-22 22:00:00,0.0009863481228668941,0.2888959044368601
2013-03-22 23:00:00,0.0009912891986062716,0.8193432055749129
2013-03-23 00:00:00,0.007173361522198731,2.5800528541226218
2013-03-23 01:00:00,0.0009836363636363636,0.996530909090909
2013-03-23 02:00:00,0.000988074957410562,0.29467972742759796
2013-03-23 03:00:00,0.0009965870307167236,0.2821552901023891
2013-03-23 04:00:00,0.0009829351535836177,0.307957337883959
2013-03-23 05:00:00,0.0009829351535836177,0.26742320819112625
2013-03-23 06:00:00,0.000984641638225256,0.2860716723549488
2013-03-23 07:00:00,0.0009914675767918088,0.2909163822525597
2013-03-23 08:00:00,0.0009829351535836177,0.27164846416382255
2013-03-23 09:00:00,0.0009795221843003413,0.29635494880546076
2013-03-23 10:00:00,0.0009897610921501705,0.24950682593856655
2013-03-23 11:00:00,0.0009948006932409012,0.6863396880415944
2013-03-23 12:00:00,0.0010035087719298245,0.6067543859649124
2013-03-23 13:00:00,0.0009863481228668941,0.23469795221843004
2013-03-23 14:00:00,0.000990808823529412,1.3182941176470588
2013-03-23 15:00:00,0.000979757085020243,3.2028582995951416
2013-03-23 16:00:00,0.0009937759336099586,0.7769087136929461
2013-03-23 17:00:00,0.0009882121807465618,1.64347347740668
2013-03-23 18:00:00,0.000988074957410562,0.7094599659284497
2013-03-23 19:00:00,0.0009897610921501705,0.2743600682593857
2013-03-23 20:00:00,0.0009778534923339012,0.21511243611584327
2013-03-23 21:00:00,0.0009914675767918088,0.2459334470989761
2013-03-23 22:00:00,0.001,0.19996245733788395
2013-03-23 23:00:00,0.0009948805460750854,0.23518088737201365
2013-03-24 00:00:00,0.0009880546075085326,0.22261433447098977
2013-03-24 01:00:00,0.000994871794871795,0.2069128205128205
2013-03-24 02:00:00,0.0009931740614334472,0.24013993174061435
2013-03-24 03:00:00,0.0009863247863247863,0.20490769230769232
2013-03-24 04:00:00,0.0009897435897435899,0.22396410256410257
2013-03-24 05:00:00,0.0009931623931623932,0.2274837606837607
2013-03-24 06:00:00,0.0009914529914529914,0.21015897435897435
2013-03-24 07:00:00,0.0009863247863247863,0.23096068376068377
2013-03-24 08:00:00,0.0009965811965811965,0.2149880341880342
2013-03-24 09:00:00,0.0009897435897435899,0.2143059829059829
2013-03-24 10:00:00,0.0009777777777777777,0.23754700854700855
2013-03-24 11:00:00,0.0009760683760683761,0.21253162393162392
2013-03-24 12:00:00,0.0009878892733564014,0.21720415224913495
2013-03-24 13:00:00,0.0009863247863247863,0.23197777777777778
2013-03-24 14:00:00,0.0009897260273972603,0.21394520547945206
2013-03-24 15:00:00,0.000988034188034188,0.2371846153846154
2013-03-24 16:00:00,0.000988034188034188,0.21207350427350427
2013-03-24 17:00:00,0.0009877800407331976,0.21078615071283097
2013-03-24 18:00:00,0.0009910979228486647,3.023032640949555
2013-03-24 19:00:00,0.0009935483870967743,3.1995118279569894
2013-03-24 20:00:00,0.0009910394265232976,1.473456989247312
2013-03-24 21:00:00,0.0009884169884169884,1.8816640926640928
2013-03-24 22:00:00,0.000995575221238938,1.8045774336283187
2013-03-24 23:00:00,0.000998272884283247,0.6399291882556131
2013-03-25 00:00:00,0.0009982905982905983,0.43114700854700855
2013-03-25 01:00:00,0.0009880546075085326,0.2545938566552901
2013-03-25 02:00:00,0.0009931623931623932,0.22025641025641024
2013-03-25 03:00:00,0.0009931623931623932,0.22324786324786325
2013-03-25 04:00:00,0.000988034188034188,0.2066102564102564
2013-03-25 05:00:00,0.0009931623931623932,0.21645811965811967
2013-03-25 06:00:00,0.0009965217391304348,0.4432313043478261
2013-03-25 07:00:00,0.0009863013698630137,0.23988527397260273
2013-03-25 08:00:00,0.0297183908045977,1.4470536398467435
2013-03-25 09:00:00,0.0009836065573770492,3.3374262295081967
2013-03-25 10:00:00,0.0009918699186991869,1.6998699186991868
2013-03-25 11:00:00,0.0009794871794871795,0.3653470085470086
2013-03-25 12:00:00,0.09306324786324786,0.2792307692307692
2013-03-25 13:00:00,0.0009658119658119658,0.4564615384615385
2013-03-25 14:00:00,0.0009760683760683761,0.5673008547008548
2013-03-25 15:00:00,0.10519789842381787,0.7514903677758318
2013-03-25 16:00:00,0.000981164383561644,0.7533869863013699
2013-03-25 17:00:00,0.000988034188034188,0.5123145299145299
2013-03-25 18:00:00,0.000976027397260274,0.5926643835616439
2013-03-25 19:00:00,0.0009914529914529914,0.2507367521367521
2013-03-25 20:00:00,0.1033427065026362,1.500578207381371
2013-03-25 21:00:00,0.0009945652173913044,1.791855072463768
2013-03-25 22:00:00,0.0009900596421471173,2.8881590457256463
2013-03-25 23:00:00,0.0009941634241245137,2.5349708171206227
2013-03-26 00:00:00,0.0009883040935672516,2.0482007797270954
2013-03-26 01:00:00,0.0009931623931623932,0.24319829059829062
2013-03-26 02:00:00,0.000988034188034188,0.26363247863247863
2013-03-26 03:00:00,0.0009914383561643837,0.1932722602739726
2013-03-26 04:00:00,0.0009931506849315068,0.1889263698630137
2013-03-26 05:00:00,0.0009948630136986302,0.1961678082191781
2013-03-26 06:00:00,0.0009914383561643837,0.17739212328767123
2013-03-26 07:00:00,0.0009811320754716981,0.2178336192109777
2013-03-26 08:00:00,0.0009748062015503875,1.116282945736434
2013-03-26 09:00:00,0.0009736842105263158,0.9558561403508773
2013-03-26 10:00:00,0.0009700374531835206,1.0031610486891387
2013-03-26 11:00:00,0.000976027397260274,0.20881164383561646
2013-03-26 12:00:00,0.0009845626072041167,0.18365523156089195
2013-03-26 13:00:00,0.0009897260273972603,0.18352568493150684
2013-03-26 14:00:00,0.0009914236706689537,0.21894511149228132
2013-03-26 15:00:00,0.0009982847341337908,0.17075471698113207
2013-03-26 16:00:00,0.0009914236706689537,0.2011303602058319
2013-03-26 17:00:00,0.0009845626072041167,0.2096672384219554
2013-03-26 18:00:00,0.000990215264187867,1.8525851272015654
2013-03-26 19:00:00,0.01312847965738758,1.4102612419700216
2013-03-26 20:00:00,0.07727413127413128,2.4579864864864867
2013-03-26 21:00:00,0.0006549707602339181,3.117756335282651
2013-03-26 22:00:00,0.0006648148148148149,1.1605425925925927
2013-03-26 23:00:00,0.0006307692307692308,0.5349179487179486
2013-03-27 00:00:00,0.0006523972602739726,0.6214058219178082
2013-03-27 01:00:00,0.0006256410256410257,0.44024957264957265
2013-03-27 02:00:00,0.0006188034188034188,0.34126153846153845
2013-03-27 03:00:00,0.000678082191780822,0.3275582191780822
2013-03-27 04:00:00,0.0009571917808219178,0.2719931506849315
2013-03-27 05:00:00,0.001,0.40572089041095893
2013-03-27 06:00:00,0.0009914383561643837,0.445125
2013-03-27 07:00:00,0.0009863247863247863,0.3102974358974359
2013-03-27 08:00:00,0.0009861351819757365,0.755897746967071
2013-03-27 09:00:00,0.0009866156787762905,1.4132294455066923
2013-03-27 10:00:00,0.0009892857142857142,0.6610928571428571
2013-03-27 11:00:00,0.0009863013698630137,0.2509297945205479
2013-03-27 12:00:00,0.13410445205479452,0.46242636986301366
2013-03-27 13:00:00,0.0009965694682675815,0.36886449399656945
2013-03-27 14:00:00,0.016842381786339754,0.3384273204903678
2013-03-27 15:00:00,0.0009897260273972603,0.2877397260273972
2013-03-27 16:00:00,0.0009914383561643837,0.3120017123287671
2013-03-27 17:00:00,0.0009863013698630137,0.299652397260274
2013-03-27 18:00:00,0.0009863013698630137,0.30188698630136984
2013-03-27 19:00:00,0.0009861830742659758,0.4030604490500863
2013-03-27 20:00:00,0.0009863013698630137,0.5193595890410959
2013-03-27 21:00:00,0.0009897084048027444,0.6968765008576329
2013-03-27 22:00:00,0.0009948630136986302,0.7095719178082192
2013-03-27 23:00:00,0.0009892857142857142,1.8951982142857144
2013-03-28 00:00:00,0.0708721136767318,1.0826163410301954
2013-03-28 01:00:00,0.0009981949458483755,1.6351137184115523
2013-03-28 02:00:00,0.000998266897746967,0.8493535528596188
2013-03-28 03:00:00,0.0009965753424657534,0.3258253424657534
2013-03-28 04:00:00,0.0009982905982905983,0.23446837606837606
2013-03-28 05:00:00,0.0009827288428324698,0.23751986183074267
2013-03-28 06:00:00,0.0009914383561643837,0.2174349315068493
2013-03-28 07:00:00,0.0009948542024013722,0.22503773584905662
2013-03-28 08:00:00,0.0009777397260273973,0.24467465753424655
2013-03-28 09:00:00,0.0009794520547945205,0.22736130136986302
2013-03-28 10:00:00,0.1052946273830156,0.40632062391681106
2013-03-28 11:00:00,0.0009945750452079567,0.476368896925859
2013-03-28 12:00:00,0.0009795539033457248,1.802399628252788
2013-03-28 13:00:00,0.0009863247863247863,0.2910871794871795
2013-03-28 14:00:00,0.0009811965811965812,0.2327863247863248
2013-03-28 15:00:00,0.0009931506849315068,0.23258390410958904
2013-03-28 16:00:00,0.000988034188034188,0.20063076923076922
2013-03-28 17:00:00,0.0009914383561643837,0.29298972602739726
2013-03-28 18:00:00,0.00655047619047619,1.3278628571428572
2013-03-28 19:00:00,0.000991507430997877,1.8670764331210192
2013-03-28 20:00:00,0.0009863636363636363,2.303306818181818
2013-03-28 21:00:00,0.0009896013864818024,0.9589930675909878
2013-03-28 22:00:00,0.0009948805460750854,0.6388156996587031
2013-03-28 23:00:00,0.0009897435897435899,0.4818051282051282
2013-03-29 00:00:00,0.001,0.48707179487179486
2013-03-29 01:00:00,0.0009863013698630137,0.48438698630136984
2013-03-29 02:00:00,0.0009914383561643837,0.48900342465753427
2013-03-29 03:00:00,0.0009944029850746268,1.78319776119403
2013-03-29 04:00:00,0.0009961977186311788,2.07674144486692
2013-03-29 05:00:00,0.0009931623931623932,0.4244102564102564
2013-03-29 06:00:00,0.0009863013698630137,0.3397003424657534
2013-03-29 07:00:00,0.07685420240137221,0.39508233276157806
2013-03-29 08:00:00,0.0009914383561643837,0.2688424657534247
2013-03-29 09:00:00,0.0010017094017094018,0.2609008547008547
2013-03-29 10:00:00,0.0009897435897435899,0.29410085470085473
2013-03-29 11:00:00,0.1768382099827883,0.5047074010327023
2013-03-29 12:00:00,0.0009931856899488927,0.4250221465076661
2013-03-29 13:00:00,0.0009886363636363636,0.6753465909090909
2013-03-29 14:00:00,0.0009871134020618558,2.0686855670103093
2013-03-29 15:00:00,0.0009863013698630137,0.5480958904109589
2013-03-29 16:00:00,0.0009897610921501705,0.3693156996587031
2013-03-29 17:00:00,0.0009913494809688581,0.40551903114186855
2013-03-29 18:00:00,0.0009897610921501705,0.5909931740614335
2013-03-29 19:00:00,0.0009931740614334472,0.32415699658703073
2013-03-29 20:00:00,0.0009931623931623932,0.2943897435897436
2013-03-29 21:00:00,0.0009965870307167236,0.2958668941979522
2013-03-29 22:00:00,0.0009931740614334472,0.6227269624573379
2013-03-29 23:00:00,0.001005181347150259,0.680300518134715
2013-03-30 00:00:00,0.0009931740614334472,0.44480887372013656
2013-03-30 01:00:00,0.0009947643979057593,0.5915863874345549
2013-03-30 02:00:00,0.0009891304347826087,1.2059492753623187
2013-03-30 03:00:00,0.0009820788530465951,1.2712025089605734
2013-03-30 04:00:00,0.0009965870307167236,0.269778156996587
2013-03-30 05:00:00,0.0009931623931623932,0.18458290598290597
2013-03-30 06:00:00,0.0009913494809688581,0.1883477508650519
2013-03-30 07:00:00,0.0009914529914529914,0.17573675213675213
2013-03-30 08:00:00,0.0009965870307167236,0.19653412969283277
2013-03-30 09:00:00,0.0009948805460750854,0.19530546075085323
2013-03-30 10:00:00,0.000988034188034188,0.3403008547008547
2013-03-30 11:00:00,0.0009926470588235295,0.6952647058823529
2013-03-30 12:00:00,0.0009942307692307692,1.3658076923076923
2013-03-30 13:00:00,0.0009946524064171124,0.7685793226381462
2013-03-30 14:00:00,0.0009982935153583618,0.5457423208191126
2013-03-30 15:00:00,0.001,2.8406680412371133
2013-03-30 16:00:00,0.0010036697247706422,1.090422018348624
2013-03-30 17:00:00,0.0009948892674616695,0.3786166950596252
2013-03-30 18:00:00,0.0009863247863247863,0.4515042735042735
2013-03-30 19:00:00,0.000988826815642458,1.5438193668528863
2013-03-30 20:00:00,0.0009897435897435899,0.2328820512820513
2013-03-30 21:00:00,0.0009948805460750854,0.1593071672354949
2013-03-30 22:00:00,0.0009914529914529914,0.16977435897435897
2013-03-30 23:00:00,0.0009965870307167236,0.17633617747440272
2013-03-31 00:00:00,0.0009965811965811965,0.15429572649572648
2013-03-31 01:00:00,0.0009965811965811965,0.1900153846153846
2013-03-31 02:00:00,0.0009965811965811965,0.14185299145299146
2013-03-31 03:00:00,0.0009965753424657534,0.19811986301369863
2013-03-31 04:00:00,0.0009931623931623932,0.13831965811965813
2013-03-31 05:00:00,0.0009863013698630137,0.19604623287671233
2013-03-31 06:00:00,0.000993138936535163,0.14525385934819898
2013-03-31 07:00:00,0.0009948630136986302,0.18946917808219177
2013-03-31 08:00:00,0.001,0.15292465753424656
2013-03-31 09:00:00,0.0009914236706689537,0.18509948542024016
2013-03-31 10:00:00,0.0009845890410958905,0.158138698630137
2013-03-31 11:00:00,0.0009965753424657534,0.17795376712328767
2013-03-31 12:00:00,0.0009845890410958905,0.16334760273972604
2013-03-31 13:00:00,0.0009965694682675815,0.1730943396226415
2013-03-31 14:00:00,0.0010017123287671232,0.16835616438356163
2013-03-31 15:00:00,0.0009965694682675815,0.1687753001715266
2013-03-31 16:00:00,0.0009982638888888888,0.17007291666666666
2013-03-31 17:00:00,0.0009965753424657534,0.16636643835616438
2013-03-31 18:00:00,0.0009965694682675815,0.1727958833619211
2013-03-31 19:00:00,0.0009948630136986302,0.16280479452054794
2013-03-31 20:00:00,0.0009896193771626296,0.17646712802768166
2013-03-31 21:00:00,0.0009982876712328768,0.1593236301369863
2013-03-31 22:00:00,0.0009931506849315068,0.1784931506849315
2013-03-31 23:00:00,0.0009948630136986302,0.15672431506849316
2013-04-01 00:00:00,0.001,0.18128987993138937
2013-04-01 01:00:00,0.0009914383561643837,0.15464212328767124
2013-04-01 02:00:00,0.0009914383561643837,0.18193493150684933
2013-04-01 03:00:00,0.0009931506849315068,0.15337328767123287
2013-04-01 04:00:00,0.0009828473413379074,0.1847032590051458
2013-04-01 05:00:00,0.0009863013698630137,0.16332876712328767
2013-04-01 06:00:00,0.0009948542024013722,0.16530360205831904
2013-04-01 07:00:00,0.0009948630136986302,0.15930308219178083
2013-04-01 08:00:00,0.0009863013698630137,0.18758390410958906
2013-04-01 09:00:00,0.0009964285714285715,0.5665553571428571
2013-04-01 10:00:00,0.0009891696750902526,0.9207563176895307
2013-04-01 11:00:00,0.000990234375,2.29613671875
2013-04-01 12:00:00,0.0009882583170254403,2.0637123287671235
2013-04-01 13:00:00,0.0009948630136986302,0.2280342465753425
2013-04-01 14:00:00,0.0009829867674858222,1.7099092627599244
2013-04-01 15:00:00,0.0009936170212765957,2.5852170212765957
2013-04-01 16:00:00,0.0009858823529411765,1.7179858823529413
2013-04-01 17:00:00,,
2013-04-01 18:00:00,0.0009958847736625514,1.900485596707819
2013-04-01 19:00:00,0.0009894551845342707,0.4598224956063269
2013-04-01 20:00:00,0.0010034188034188033,0.5110136752136752
2013-04-01 21:00:00,0.0009965811965811965,0.724217094017094
2013-04-01 22:00:00,0.000994871794871795,0.496217094017094
2013-04-01 23:00:00,0.001,0.28875042735042733
2013-04-02 00:00:00,0.0009965753424657534,0.24440239726027396
2013-04-02 01:00:00,0.0009965753424657534,0.23193321917808218
2013-04-02 02:00:00,0.000994871794871795,0.23612991452991455
2013-04-02 03:00:00,0.0009914383561643837,0.2561301369863013
2013-04-02 04:00:00,0.0009845890410958905,0.24003424657534247
2013-04-02 05:00:00,0.0009863013698630137,0.2275222602739726
2013-04-02 06:00:00,0.0009945848375451263,0.7957454873646209
2013-04-02 07:00:00,0.0009944954128440367,0.7649431192660551
2013-04-02 08:00:00,0.000996268656716418,1.2701492537313435
2013-04-02 09:00:00,0.06820884955752213,0.623787610619469
2013-04-02 10:00:00,0.000992766726943942,0.7676672694394214
2013-04-02 11:00:00,0.000992818671454219,0.37247217235188507
2013-04-02 12:00:00,0.0009691780821917808,0.3102482876712329
2013-04-02 13:00:00,0.0009914529914529914,0.30055384615384617
2013-04-02 14:00:00,0.000988013698630137,0.259347602739726
2013-04-02 15:00:00,0.000994809688581315,0.2416038062283737
2013-04-02 16:00:00,0.0009965156794425087,0.6828135888501743
2013-04-02 17:00:00,0.12598805460750853,0.7268225255972697
2013-04-02 18:00:00,0.1615626102292769,0.5107724867724868
2013-04-02 19:00:00,0.0009896193771626296,0.7650622837370242
2013-04-02 20:00:00,0.01259280303030303,0.7837992424242424
2013-04-02 21:00:00,0.0009963768115942029,0.8270307971014492
2013-04-02 22:00:00,0.13015478260869565,1.3008695652173912
2013-04-02 23:00:00,0.0009965870307167236,0.6134095563139932
2013-04-03 00:00:00,0.000977818853974122,1.4139741219963031
2013-04-03 01:00:00,0.0009897084048027444,0.4850943396226415
2013-04-03 02:00:00,0.0009965457685664938,0.17319689119170986
2013-04-03 03:00:00,0.0009931623931623932,0.18597948717948717
2013-04-03 04:00:00,0.0009897435897435899,0.17396752136752136
2013-04-03 05:00:00,0.0009846153846153846,0.1872649572649573
2013-04-03 06:00:00,0.0009792027729636048,0.17506412478336222
2013-04-03 07:00:00,0.0009807355516637478,0.7618984238178634
2013-04-03 08:00:00,0.10715572232645404,1.0604878048780488
2013-04-03 09:00:00,0.0009929824561403509,0.5416
2013-04-03 10:00:00,0.0009863481228668941,0.40408191126279863
2013-04-03 11:00:00,0.0009965753424657534,0.1878167808219178
2013-04-03 12:00:00,0.0009910714285714286,0.9460875
2013-04-03 13:00:00,0.0009912587412587413,0.7276783216783217
2013-04-03 14:00:00,0.0009931623931623932,0.12655726495726496
2013-04-03 15:00:00,0.000982876712328767,0.1410085616438356
2013-04-03 16:00:00,0.0009794871794871795,0.22681367521367524
2013-04-03 17:00:00,0.006855575868372943,1.889347349177331
2013-04-03 18:00:00,0.000994871794871795,0.21476923076923077
2013-04-03 19:00:00,0.001,0.5085196581196582
2013-04-03 20:00:00,0.0009929947460595447,0.9155814360770578
2013-04-03 21:00:00,0.0009930313588850173,0.7748623693379791
2013-04-03 22:00:00,0.0010035714285714285,1.3550642857142856
2013-04-03 23:00:00,0.000994871794871795,0.2813538461538462
2013-04-04 00:00:00,0.0009982905982905983,0.18736752136752136
2013-04-04 01:00:00,0.000994871794871795,0.2043846153846154
2013-04-04 02:00:00,0.0009948630136986302,0.1729195205479452
2013-04-04 03:00:00,0.000982876712328767,0.197638698630137
2013-04-04 04:00:00,0.0009965811965811965,0.1848188034188034
2013-04-04 05:00:00,0.0009982876712328768,0.20706164383561645
2013-04-04 06:00:00,0.0009855334538878843,0.4896021699819168
2013-04-04 07:00:00,0.0009876106194690265,0.718858407079646
2013-04-04 08:00:00,0.09804892367906066,1.7928786692759295
2013-04-04 09:00:00,0.0009948630136986302,0.2935958904109589
2013-04-04 10:00:00,0.0785360824742268,0.34792096219931273
2013-04-04 11:00:00,7.02054794520548e-05,0.3131746575342466
2013-04-04 12:00:00,0.0,0.23517294520547946
2013-04-04 13:00:00,0.0,0.12930993150684933
2013-04-04 14:00:00,0.0,0.15038698630136985
2013-04-04 15:00:00,0.0,0.1264332191780822
2013-04-04 16:00:00,0.0,0.14406506849315068
2013-04-04 17:00:00,0.0,0.14668835616438355
2013-04-04 18:00:00,0.0,0.13169006849315068
2013-04-04 19:00:00,0.0,0.17969125214408235
2013-04-04 20:00:00,0.0,0.25273263888888886
2013-04-04 21:00:00,,
2013-04-04 22:00:00,,
2013-04-04 23:00:00,,
2013-04-05 00:00:00,,
2013-04-05 01:00:00,,
2013-04-05 02:00:00,,
2013-04-05 03:00:00,,
2013-04-05 04:00:00,,
2013-04-05 05:00:00,,
2013-04-05 06:00:00,,
2013-04-05 07:00:00,,
2013-04-05 08:00:00,,
2013-04-05 09:00:00,,
2013-04-05 10:00:00,,
2013-04-05 11:00:00,,
2013-04-05 12:00:00,,
2013-04-05 13:00:00,,
2013-04-05 14:00:00,,
2013-04-05 15:00:00,,
2013-04-05 16:00:00,,
2013-04-05 17:00:00,,
2013-04-05 18:00:00,,
2013-04-05 19:00:00,,
2013-04-05 20:00:00,,
2013-04-05 21:00:00,,
2013-04-05 22:00:00,,
2013-04-05 23:00:00,,
2013-04-06 00:00:00,,
2013-04-06 01:00:00,,
2013-04-06 02:00:00,,
2013-04-06 03:00:00,,
2013-04-06 04:00:00,,
2013-04-06 05:00:00,,
2013-04-06 06:00:00,,
2013-04-06 07:00:00,,
2013-04-06 08:00:00,,
2013-04-06 09:00:00,,
2013-04-06 10:00:00,,
2013-04-06 11:00:00,,
2013-04-06 12:00:00,0.07073291925465838,1.9041428571428571
2013-04-06 13:00:00,0.1547528517110266,0.8448136882129278
2013-04-06 14:00:00,0.00099644128113879,0.4569946619217082
2013-04-06 15:00:00,0.001,0.3887328767123288
2013-04-06 16:00:00,0.0009965811965811965,0.3354905982905983
2013-04-06 17:00:00,0.0009982876712328768,0.35827226027397263
2013-04-06 18:00:00,0.0009965753424657534,0.3427568493150685
2013-04-06 19:00:00,0.0009897260273972603,0.35043835616438357
2013-04-06 20:00:00,0.00100513698630137,0.36234075342465755
2013-04-06 21:00:00,0.0009914383561643837,0.33459589041095894
2013-04-06 22:00:00,0.0009931506849315068,0.35652910958904105
2013-04-06 23:00:00,0.0009948630136986302,0.3388767123287671
2013-04-07 00:00:00,0.0009863013698630137,0.3248767123287671
2013-04-07 01:00:00,0.0010017123287671232,0.20479794520547948
2013-04-07 02:00:00,0.0009965753424657534,0.17802739726027397
2013-04-07 03:00:00,0.0009965753424657534,0.2674280821917808
2013-04-07 04:00:00,0.0009900596421471173,1.17158648111332
2013-04-07 05:00:00,0.0009901960784313726,1.2355745098039215
2013-04-07 06:00:00,0.00099601593625498,1.258950199203187
2013-04-07 07:00:00,0.001,1.2146679999999999
2013-04-07 08:00:00,0.0009960238568588469,1.2414632206759444
2013-04-07 09:00:00,0.000986425339366516,1.4796696832579184
2013-04-07 10:00:00,0.0009954648526077099,2.029392290249433
2013-04-07 11:00:00,0.0009981024667931688,0.9028804554079697
2013-04-07 12:00:00,0.0009897435897435899,0.23957435897435897
2013-04-07 13:00:00,0.001,0.45160103626943005
2013-04-07 14:00:00,0.03907468123861567,1.1800346083788706
2013-04-07 15:00:00,0.1257057761732852,1.0155902527075813
2013-04-07 16:00:00,0.0009965870307167236,0.7977218430034129
2013-04-07 17:00:00,0.0009977064220183485,2.6668990825688073
2013-04-07 18:00:00,0.0009982300884955754,0.6433504424778761
2013-04-07 19:00:00,0.0009917184265010352,1.5026169772256728
2013-04-07 20:00:00,0.037109375,0.987796875
2013-04-07 21:00:00,0.0009982964224872232,0.6274037478705281
2013-04-07 22:00:00,0.18182046678635547,1.1114667863554757
2013-04-07 23:00:00,0.026809935205183585,2.641924406047516
2013-04-08 00:00:00,0.035592307692307694,0.9781480769230769
2013-04-08 01:00:00,0.013102702702702702,0.26345045045045046
2013-04-08 02:00:00,0.018661319073083778,0.22459714795008912
2013-04-08 03:00:00,0.04160791366906475,0.2326456834532374
2013-04-08 04:00:00,0.030180357142857144,0.23955535714285714
2013-04-08 05:00:00,0.001,0.1741111111111111
